,ASESOR_ID,PORC_CR_202404,ctes8a30_sin_exp_T0,cr8a30_sin_exp_T0,cr31a90_sin_exp_T0,empeora_T0,PORC_CR_202403,se_mantiene_atraso_T1,mejora_T0,PORC_CR_202401,AVG_ATRASO_ACT_EXP_T1,PORC_CR_202402,TOTAL_CUENTAS_T1,empeora_T1,TOTAL_CARTERA_T1,cr90m_sin_exp_T0,cr31a90_sin_exp_T2,TOTAL_CARTERA_T0,AVG_ATRASO_ACT_EXP_T2,se_mantiene_0_ctas_T0,mejora_ctas_T0,ctes31a90_sin_exp_T0,TOTAL_CUENTAS_T0,empeora_ctas_T1,se_mantiene_0_T0,ctes31a90_sin_exp_T2,cr31a90_sin_exp_T1,AVG_ATRASO_ACT_EXP_T0,ctes31a90_sin_exp_T1,empeora_ctas_T0
0,22360497,0.019584447306995597,0,0.0,130300.82,69731.41,0.01402075301656955,0.0,162401.31,0.02411942887343094,3.5714285714285716,0.014604649109460044,3,101343.87,101343.87,14199.44,101343.87,395193.15,3.5542168674698793,3,6,5,14.0,3,79575.84,3.0,95775.28,3.1379310344827585,4,3.0
1,7424293,0.020434460334898895,1,21482.93,149294.28,235304.16999999998,0.044779006218036016,0.0,346354.36,0.04065110747827546,1.1526717557251909,0.0031002898189690224,5,59819.55,78907.06,55561.6,26752.370000000003,888521.6699999999,0.5,6,12,5,23.0,4,258789.94999999998,2.0,167698.58,2.298507462686567,6,4.0
2,43243791,0.0022040798064418125,1,7314.84,16207.130000000001,63595.8,0.007296897261518835,0.0,54795.84,0.016041037158638225,2.3592233009708736,0.01974680590432952,9,182568.8,182568.8,21473.87,36894.47,244884.81999999998,1.2058823529411764,1,4,3,14.0,9,3314.44,2.0,24788.309999999998,1.8773584905660377,2,4.0
3,36712207,0.005672643382652509,4,91094.04000000001,30815.62,128617.83,0.027233906141830702,15099.8,126436.63,0.03032298486059591,3.253846153846154,0.023056054813341855,18,366529.41,426811.03,97802.21,106592.92,364871.97,2.355371900826446,1,6,1,15.0,14,41908.27,4.0,140492.62,3.0970149253731343,6,6.0
4,1957365,0.019525517016457855,2,64858.39,91374.23,201782.46000000002,0.015490455176682499,0.0,158434.54,0.011758278989620662,2.0547945205479454,0.01730325664524986,10,328089.29000000004,328089.29000000004,50047.119999999995,92945.65,435779.59,1.6054421768707483,2,9,6,23.0,10,32664.06,4.0,63663.729999999996,2.3533333333333335,3,10.0
5,34852844,0.006809766332353784,1,44466.21,53567.86,52763.43,0.0031655423383764687,0.0,81634.86,0.016722665908280678,2.303030303030303,0.018462746701383446,7,211986.06999999998,211986.06999999998,24610.25,78016.41,257268.52000000002,2.3461538461538463,0,4,3,11.0,7,0.0,4.0,24610.25,1.4388489208633093,1,2.0
6,72532462,0.0297103253839327,1,16433.51,130563.03,67479.16,0.042870123575621796,19047.46,287077.67000000004,0.02514625978826026,3.9393939393939394,0.023682038603132005,11,216779.69,249336.93999999997,67479.16,83208.56999999999,442449.61,3.1752577319587627,3,12,6,21.0,9,47461.68,4.0,163489.09,5.490566037735849,8,4.0
7,21138914,0.018801073347498927,2,72276.56,180066.47999999998,151261.46,0.033832675814168184,0.0,417339.01,0.03290590691291927,2.1867469879518073,0.0248988505889621,14,326683.76,347940.20999999996,104133.28,119721.37,818126.3899999999,2.861635220125786,5,16,6,31.0,13,163338.16999999998,5.0,270572.31,3.735294117647059,10,6.0
8,79761908,0.0,0,0.0,0.0,65539.7,0.029382703602714333,0.0,82550.43000000001,0.05892732861972213,5.84,0.04375560159373839,5,95869.27,125351.48000000001,65539.7,95869.27,204786.96999999997,4.617021276595745,0,4,0,9.0,4,0.0,4.0,65539.7,4.3090909090909095,3,3.0
9,13231917,0.04043040617788156,4,67668.76000000001,344086.84,295770.85,0.08226847849763703,24687.03,705899.5408000004,0.028432379287052268,5.352941176470588,0.027453892587490127,32,756475.0276000004,1171988.4132,221062.94,241023.21000000002,1452678.494800001,3.675392670157068,8,20,10,44.48000000000002,22,303439.5668000001,9.0,393548.2732,6.464864864864865,12,11.0
10,74358306,0.004475502043344655,0,0.0,0.0,0.0,0.005767220557204902,0.0,126657.22,0.012120165316892704,1.3982300884955752,0.01755907572553545,7,120489.47,256853.69,0.0,76847.73000000001,203504.95,1.5043478260869565,0,3,0,5.0,3,0.0,2.0,0.0,0.09166666666666666,0,0.0
11,87633648,0.0,0,0.0,0.0,0.0,0.0,0.0,0.0,0.0,0.0,0.0,0,0.0,0.0,0.0,0.0,0.0,0.0,0,0,0,0.0,0,0.0,0.0,0.0,0.0,0,0.0
12,30808228,0.0,0,0.0,0.0,25623.8,0.007471557546444283,0.0,25623.8,0.0,0.7547169811320755,0.011565866271159643,4,154604.41,154604.40999999997,25623.8,37235.95,51247.6,1.1090909090909091,0,1,0,2.0,4,0.0,2.0,25623.8,1.2727272727272727,1,1.0
13,87999246,0.030818741220142144,3,86390.95,59037.009999999995,0.0,0.0,65404.16,29323.21,0.0,0.0,0.0,6,20986.79,123841.51000000001,0.0,0.0,59037.009999999995,0.0,0,2,3,3.0,1,0.0,0.0,0.0,3.111111111111111,0,0.0
14,75030255,0.010043214920610513,1,26282.25,32128.4,4568.0,0.0015837369299795613,0.0,50206.19,0.025946125731644815,2.7349397590361444,0.018942287724906595,7,113140.16,145414.28000000003,4568.0,54729.51,109503.70000000001,2.275,0,4,2,7.0,5,0.0,2.0,4568.0,1.9390243902439024,1,1.0
15,85633266,0.0,0,0.0,0.0,0.0,0.0,0.0,0.0,0.0,0.0,0.0,1,0.0,4373.0,0.0,0.0,0.0,0.10256410256410256,0,0,0,0.0,0,0.0,0.0,0.0,0.0,0,0.0
16,77233375,0.008494187089467264,1,26968.78,30257.649999999998,52865.41,0.019013025959218076,0.0,61735.69,0.0,1.6101694915254237,0.0,10,26968.78,507705.73,26319.65,0.0,118312.99,0.20754716981132076,1,3,2,6.0,1,3711.89,0.0,61735.69,2.463768115942029,3,2.0
17,26847497,0.04015086441319175,0,0.0,234210.79,304704.09,0.010623064440611533,0.0,139360.44,0.023405073547130038,2.435483870967742,0.020903065603907246,7,164743.61,183419.65,22757.83,87730.72,647936.03,1.3361344537815125,2,5,6,18.0,5,61885.72,4.0,43095.240000000005,1.8372093023255813,2,7.0
18,87046432,0.0,0,0.0,0.0,0.0,0.0,0.0,0.0,0.0,0.0,0.0,0,0.0,0.0,0.0,0.0,0.0,0.0,0,0,0,0.0,0,0.0,0.0,0.0,0.0,0,0.0
19,74287316,0.015241519445708646,1,38292.48,123889.26999999999,3790.83,0.0,0.0,193931.45,0.01688785522917761,0.9504132231404959,0.004272755336032647,4,188097.37,188097.37,0.0,29706.45,227428.73,2.3675213675213675,0,5,3,7.0,4,0.0,1.0,0.0,0.8939393939393939,0,1.0
20,78284741,0.02410201295210074,2,54389.87,67466.54000000001,0.0,0.012900337477469742,97836.22,164129.96,0.05855903513824607,0.7777777777777778,0.0,12,77791.18000000001,306023.62,0.0,0.0,223061.07,4.142857142857143,1,6,3,8.0,3,32835.29,0.0,32835.29,1.6777777777777778,1,0.0
21,77435054,0.005731304912630943,1,40071.02,15228.17,40521.38,0.01558353409718047,0.0,34275.68,0.0,1.1612903225806452,0.007480309634191942,9,118735.36,288302.93,40521.38,19047.51,96270.93,0.3488372093023256,1,2,1,5.0,4,21473.87,1.0,40521.38,1.9504950495049505,2,2.0
22,82436653,0.027375082480887495,1,13894.91,48940.15,69331.88,0.0631111246066979,0.0,84395.59,0.0,2.2666666666666666,0.0,3,31787.7,54388.05,34818.81,0.0,175333.79,0.0975609756097561,1,3,2,6.0,2,21606.32,0.0,91574.82999999999,2.25,3,2.0
23,77516257,0.01121186922834769,1,24769.0,62113.33,0.0,0.0037263038855713227,0.0,104387.73,0.05586362884078914,4.936708860759493,0.04521095165643679,13,412293.63,696883.22,0.0,239554.36000000002,489348.88,2.91025641025641,1,4,2,11.0,8,30210.5,3.0,30210.5,1.3012048192771084,1,0.0
24,72762213,0.030464914905628488,1,28269.0,126860.76999999999,19674.2,0.04722496460076821,0.0,319253.18,0.0868688568540903,7.410714285714286,0.07704042562493295,8,361754.10000000003,361754.10000000003,26328.81,323129.09,702754.0900000001,7.052631578947368,3,6,4,15.0,8,108377.42,6.0,177968.94,4.333333333333333,4,1.0
25,74988144,0.0,0,0.0,0.0,0.0,0.0,0.0,10575.7,0.011500155106471368,0.8157894736842105,0.014399123641148837,3,37124.8,544792.53,7047.99,37124.8,28718.940000000002,2.1267605633802815,0,1,0,3.0,2,0.0,2.0,0.0,0.7906976744186046,0,0.0
26,72762204,0.014057684843845411,2,16615.11,78270.93,97258.18,0.015194699613788241,0.0,95486.81,0.004916651177411079,3.171875,0.007170976033588765,11,55433.52,306228.42000000004,62133.99,38818.41,297346.58,1.963235294117647,2,6,4,17.0,5,53710.8,3.0,74521.28,3.753731343283582,4,6.0
27,84459160,0.010365338376268502,1,31817.49,31848.78,0.0,0.0,0.0,31848.78,0.0,0.41379310344827586,0.0,3,63666.270000000004,125641.85,0.0,0.0,31848.78,0.0,0,1,1,1.0,2,0.0,0.0,0.0,1.7058823529411764,0,0.0
28,73983957,0.021103818997133487,4,112671.20000000001,177326.01,62132.13,0.013332847666853418,34613.89,222246.8,0.021220010527183596,1.1883116883116882,0.009810417134816727,13,252015.12,301642.57,0.0,44718.43,458165.35,2.4305555555555554,3,7,5,14.0,10,115235.38,2.0,115235.38,1.5029940119760479,3,2.0
29,14960773,0.013231580301793111,3,88598.84,91106.61,131117.15,0.019995852960857242,0.0,155977.59999999998,0.019309336807232527,2.8175675675675675,0.01751078810730358,27,373421.32000000007,926035.8500000001,101555.87,139768.68,442673.44,2.5546875,5,6,3,19.0,12,90747.33,5.0,151591.3,3.6344827586206896,7,6.0
30,77660982,0.002507992798094782,2,65947.79000000001,16433.51,34165.619999999995,0.0027853200101176294,0.0,0.0,0.0030591317842869987,0.7570093457943925,0.008048173787609655,16,114504.23000000001,579071.4,0.0,29652.44,100454.17,0.3238095238095238,1,0,1,5.0,4,17732.11,1.0,0.0,0.6283185840707964,0,2.0
31,82607897,0.0,1,3711.89,0.0,0.0,0.0,0.0,0.0,0.0,1.2777777777777777,0.0006128928409842061,3,7502.719999999999,31334.18,0.0,3790.83,407.99,0.5671641791044776,0,0,0,1.0,2,0.0,1.0,0.0,0.2,0,0.0
32,82270804,0.007196643386142236,0,0.0,26739.74,0.0,0.0,0.0,29512.08,0.012439345499321951,0.09836065573770492,0.0,1,0.0,27996.96,0.0,0.0,56251.82000000001,1.2264150943396226,0,1,1,2.0,0,0.0,0.0,0.0,0.5285714285714286,0,0.0
33,66107506,0.029393436818287544,5,194868.43,250132.44,54965.869999999995,0.018892617033109103,0.0,333462.6,0.01318934564310176,1.4367816091954022,0.009013162328098063,24,432124.6,1171988.4132,27972.92,70857.83,531550.75,1.9881656804733727,2,10,9,18.0,13,53820.16,3.0,151571.97,2.5913978494623655,4,3.0
34,73169986,0.0019963577813718516,0,0.0,6727.87,33587.57,0.012398175158608955,0.0,40315.44,0.0,1.1529411764705881,0.0,2,15220.03,33587.57,33587.57,0.0,80630.88,0.25,1,3,1,6.0,1,6727.87,0.0,40315.44,2.065934065934066,3,2.0
35,81665169,0.0,0,0.0,0.0,0.0,0.0,0.0,0.0,0.0,0.0,0.0,0,0.0,0.0,0.0,0.0,0.0,0.0,0,0,0,0.0,0,0.0,0.0,0.0,0.0,0,0.0
36,81840740,0.0,0,0.0,0.0,0.0,0.0,0.0,29652.44,0.026914226924084073,0.0,0.02126812186653432,1,30248.44,30248.44,0.0,30248.44,29652.44,1.7826086956521738,0,1,0,1.0,1,0.0,1.0,0.0,0.0,0,0.0
37,21417580,0.022466796570925464,1,25906.33,36840.600000000006,91749.70999999999,0.014054808563330584,0.0,142727.07,0.0069658260653240245,0.9041095890410958,0.017019209235469332,4,106588.15,106588.15,34984.72,44752.73,253791.69,1.0149253731343284,1,6,3,10.0,4,19314.91,2.0,33090.24,2.141304347826087,2,3.0
38,36419686,0.0016693156824194356,0,0.0,10494.560000000001,795.97,0.0018118708600864813,0.0,11290.53,0.0,0.9090909090909091,0.0,7,15365.31,176097.88,795.97,0.0,22581.060000000005,0.1348314606741573,2,3,2,6.0,2,10494.560000000001,0.0,11290.53,1.6732673267326732,3,1.0
39,3040220,0.009106891854748372,1,123433.73,80598.01,127594.76999999999,0.005728299060583903,0.0,0.0,0.0,0.5692307692307692,0.0,11,355757.24,752275.5700000001,46996.76,0.0,175921.59,0.2032520325203252,1,0,2,4.0,4,48326.82,0.0,48326.82,1.0666666666666667,1,3.0
40,36945192,0.009095952293610276,3,78123.42,60096.2,78726.04999999999,0.02272954657840741,0.0,261875.61,0.0394180967910427,3.952830188679245,0.030155939787635408,17,442367.48,442367.48,33920.25,96086.48999999999,662009.4199999999,3.5754716981132075,3,8,3,21.0,17,122409.21,4.0,86389.56,2.289719626168224,3,3.0
41,66709104,0.0,1,21634.38,0.0,47709.2,0.01144421062537553,0.0,67381.01,0.001929528430476348,1.4308943089430894,0.001659389629795653,5,109775.97,109775.97,47709.2,9423.36,124513.56999999999,0.71900826446281,0,2,0,4.0,5,0.0,1.0,67381.01,0.6910569105691057,2,1.0
42,13753428,0.02519152139158918,1,20941.32,29386.29,174446.52,0.0037317175155103903,0.0,51106.32,0.007827167938166645,0.2289156626506024,0.007149025448591718,6,76091.44,140160.4,0.0,14214.28,295874.97,1.4698795180722892,1,2,1,5.0,3,29386.29,1.0,29386.29,0.7386363636363636,1,1.0
43,44983597,0.0058187632088618525,1,74768.75,35307.65,27672.77,0.017598617332867512,74768.75,27672.77,0.013805824558322733,1.9473684210526316,0.01745574345424611,4,136096.55,210865.3,27672.77,31835.22,277300.73,0.6538461538461539,1,1,1,6.0,3,78223.76,2.0,105896.53,1.7468354430379747,2,1.0
44,3269707,0.004162354110443684,1,20903.73,23684.21,100597.07999999999,0.024476357951360564,0.0,14986.25,0.004553991713838116,1.263157894736842,0.0,9,128806.7,752009.8600000001,0.0,0.0,243390.66999999998,0.0,4,1,1,8.0,5,127807.34,0.0,65880.72,0.5357142857142857,3,3.0
45,7678720,0.0004114180563430164,0,0.0,3619.81,13545.14,0.0015940518794279952,0.0,21634.84,0.004576724643493084,1.5714285714285714,0.005064915321062951,5,44426.23,44426.229999999996,13545.14,13953.13,62441.259999999995,1.5384615384615385,0,4,1,8.0,5,0.0,3.0,13545.14,1.5539568345323742,2,2.0
46,66837089,0.01312186937547834,3,121617.19,115086.54000000001,181082.4,0.026018436126230615,0.0,346451.17,0.03087379631208499,2.04375,0.013645595417579641,9,411034.57,457225.83,181082.4,116038.55,766362.23,2.3144654088050314,2,7,4,16.0,8,70195.54000000001,2.0,222796.11,2.4879518072289155,4,3.0
47,32083708,0.01056015176850629,2,92219.43,9612.050000000001,265633.03,0.04633923452219653,86332.7,404791.33999999997,0.051802675817377436,3.295238095238095,0.04382542713658811,15,576678.79,751576.7599999999,63528.060000000005,37131.2,985615.9700000001,1.9807692307692308,3,9,2,25.0,12,38898.78,4.0,227714.22,4.394230769230769,8,9.0
48,78284722,0.048123192853346874,6,250131.29040000023,191548.95,75629.45000000001,0.02779263310698451,0.0,214085.61000000004,0.02869964881298519,3.204301075268817,0.026898079823012563,23,678144.45,698984.34,35117.8,68819.23,373217.22,1.7790697674418605,2,9,7,15.0,22,45119.32,2.0,80237.12,4.908256880733945,4,3.0
49,79844720,0.04105483293436592,4,108099.78,141733.75,77493.7,0.05216494069969713,47909.15,134422.81,0.0,1.8412698412698412,0.010248254359275042,7,111063.17,176765.6,35091.38,35091.38,348912.08,0.5,3,3,3,8.0,4,136995.57,1.0,172086.95,3.3823529411764706,4,2.0
50,63489028,0.0061368388437096095,3,85761.41,36729.42,78938.99,0.019358769993600932,28268.95,149846.41999999998,0.015474985530569856,5.435294117647059,0.022622700603204222,18,338863.53,485041.86000000004,22858.33,68811.06,306856.28,3.6296296296296298,1,7,1,15.0,11,16432.67,4.0,54625.57,3.5555555555555554,5,4.0
51,73136233,0.014403116059026576,3,57967.740000000005,67721.91,111786.61,0.020586549283050065,3016.4,161653.25,0.020552844337116342,4.507462686567164,0.03289092750028904,17,315858.83,405725.31,54652.630000000005,41963.43,414859.98,5.0,2,8,4,18.0,12,39906.23,3.0,50902.520000000004,6.921875,3,4.0
52,9422438,0.0,0,0.0,0.0,0.0,0.0,0.0,0.0,0.0,0.0,0.0,0,0.0,0.0,0.0,0.0,0.0,0.0,0,0,0,0.0,0,0.0,0.0,0.0,0.0,0,0.0
53,34190744,0.002833974352462036,1,31599.02,27703.1,141393.34,0.020713656035976302,0.0,334629.32999999996,0.010675911485245862,2.5760869565217392,0.01683768322823862,7,310661.25,310661.25,141393.34,98171.51,595892.85,3.1868131868131866,1,7,1,12.0,7,27622.24,3.0,174648.44,2.2083333333333335,3,2.0
54,78664984,0.00814944687210795,4,110605.69,46603.45,68625.59,0.007979376162604962,0.0,57942.58,0.006170433733501843,2.5625,0.010503136497123993,13,263941.18,263941.18,38863.64,69341.61,194721.44,2.142857142857143,2,5,4,13.0,13,36057.01,5.0,55873.840000000004,3.572649572649573,4,5.0
55,82070005,0.04204833384604931,0,0.0,154615.28,141603.59,0.055985143666370474,0.0,207532.9,0.0,2.595744680851064,0.0,0,0.0,0.0,141603.59,0.0,503751.76999999996,0.21951219512195122,2,4,4,10.0,0,65929.31,0.0,207532.9,6.291666666666667,4,2.0
56,72762197,0.03573634456852952,1,11980.65,133307.12,25660.41,0.045362252076454106,11980.65,227369.49,0.05013920160239795,3.0,0.007554506934135431,4,72748.88,84729.53,25660.41,29084.97,443379.39,3.3263157894736843,8,11,7,22.0,3,177697.22,2.0,191313.71,2.811320754716981,10,1.0
57,15213368,0.026325640415945484,3,81988.33,73601.98999999999,125439.96,0.013871344763826314,15293.33,75259.48000000001,0.013114405535707911,2.3628318584070795,0.00801336573831441,13,208247.78,269463.33999999997,27489.94,37487.95,371953.61000000004,1.6181818181818182,4,7,5,21.0,10,74958.83,2.0,41871.7,2.5304347826086957,3,6.0
58,83036199,0.0,0,0.0,0.0,0.0,0.0,0.0,0.0,0.0,0.0,0.0,0,0.0,0.0,0.0,0.0,0.0,0.0,0,0,0,0.0,0,0.0,0.0,0.0,0.0,0,0.0
59,30094368,0.014286783959514352,1,18466.5,55013.939999999995,103487.24,0.02175148884496107,23652.21,151415.09999999998,0.005947260816077372,2.452830188679245,0.018300908256431228,31,238373.44999999998,1171988.4132,86637.26000000001,59399.590000000004,370176.01,1.797752808988764,2,10,6,20.0,11,57480.91,3.0,79685.75,3.9464285714285716,4,6.0
60,48371516,0.013162439998219781,2,23413.850000000002,42945.59,85725.68,0.014817946805600357,0.0,193364.45,0.03797713025051421,3.0392156862745097,0.03036378054453864,18,259319.46,294780.1,63855.2,73737.24,415954.47000000003,3.8053691275167787,1,11,2,24.0,16,13747.5,7.0,93985.27,4.12621359223301,6,5.0
61,76799259,0.016206691248897852,0,0.0,25412.21,41643.3,0.011155255439136804,0.0,51581.67,0.012812523667257351,1.588235294117647,0.012351698417849985,5,51558.65,51558.65,0.0,16433.47,135843.65000000002,0.855072463768116,1,6,2,10.0,5,21274.35,1.0,25412.21,1.2432432432432432,2,1.0
62,62587913,0.0006957630985930766,0,0.0,3709.94,319.42,0.0007988405479801592,0.0,4029.36,0.01745013054649104,1.4731182795698925,0.015407273161168506,2,72727.11,72727.11,319.42,72407.69,80466.41,0.6813186813186813,1,2,1,5.0,2,3709.94,1.0,4029.36,1.2346938775510203,2,1.0
63,81351412,0.0077229001717079,1,50622.72,28653.43,0.0,0.00808067219557441,0.0,28653.43,0.0,0.6046511627906976,0.0,1,50622.72,50622.72,0.0,0.0,57306.86,0.0,1,1,1,2.0,1,28653.43,0.0,28653.43,1.3617021276595744,1,0.0
64,32405050,0.003740883450759113,1,41636.72,16605.12,83303.55,0.01956057438708248,0.0,138947.35,0.0011492150984770424,2.247311827956989,0.013627882063627918,6,140744.38,140744.38,83303.55,99107.66,249571.53000000003,2.9263157894736844,1,8,1,13.0,6,27320.63,5.0,132770.33000000002,3.28125,6,4.0
65,37643238,0.006683944872497897,3,63790.81,42098.19,42098.19,0.0005692860013566301,0.0,3790.14,0.008311211122996678,3.290909090909091,0.008438543270398094,9,432171.35,432171.35,0.0,52378.659999999996,101865.85,3.263157894736842,1,1,2,6.0,9,3598.86,2.0,0.0,1.5925925925925926,0,2.0
66,82707608,0.0,0,0.0,0.0,37205.55,0.017335609146850662,0.0,37205.55,0.0,1.4838709677419355,0.0,1,37205.55,37205.55,37205.55,0.0,74411.1,0.72,0,1,0,2.0,1,0.0,0.0,37205.55,1.7272727272727273,1,1.0
67,3489785,0.009739102436109226,2,42425.57,52853.77,47448.509999999995,0.00435534353553687,0.0,71339.81999999999,0.0036465950192769597,1.9230769230769231,0.0017526346080209364,6,113475.68,113475.68000000001,23624.75,9338.58,128126.90999999999,1.5647058823529412,0,4,2,8.0,6,0.0,1.0,23624.75,3.0533333333333332,2,3.0
68,73836600,0.01845441610140687,1,18527.78,95555.98,100290.56,0.01791763383588349,0.0,122676.38,0.0,2.4214876033057853,0.011457524536685956,13,111563.41,316485.91,63705.479999999996,64875.45,280494.55,0.616,2,7,5,16.0,5,33801.56,3.0,97507.04000000001,3.7777777777777777,6,6.0
69,32179476,0.0054035865624252775,2,46766.69,18844.19,0.0,0.0026573459996529014,0.0,48514.43,0.008253669850080822,0.825,0.0041225953825816015,8,77832.0,115294.63,0.0,30087.59,117570.48,1.975206611570248,2,5,1,11.0,5,19141.55,1.0,0.0,0.5853658536585366,0,0.0
70,87356702,0.004841702332382414,0,0.0,41143.009999999995,0.0,0.005118957326958397,0.0,41143.009999999995,0.0,0.4017094017094017,0.0,1,83733.47,83733.47,0.0,0.0,83022.01999999999,0.0,2,2,2,4.0,1,41879.009999999995,0.0,41879.009999999995,0.5546218487394958,2,0.0
71,46780114,0.027771012509481646,1,40054.56,140965.69,284092.66,0.035535754480895215,21066.34,413604.87999999995,0.01657497649928866,2.47008547008547,0.014420769120351215,21,415747.64,765233.37,174409.3,86814.65,821970.83,1.646551724137931,1,12,6,21.0,8,26678.53,2.0,211296.65999999997,3.3739837398373984,4,5.0
72,77971752,0.03364921391498228,2,74056.23000000001,110584.25,95155.09000000001,0.014124222820886578,0.0,59377.28999999999,0.01226196801178031,1.7708333333333333,0.019353366099009277,9,147106.74,299774.62,23896.27,51687.06,207637.49,0.9772727272727273,0,3,5,9.0,5,0.0,2.0,42943.78,2.2,2,4.0
73,14780534,0.005695177317984275,0,0.0,25613.76,0.0,0.006773834569704059,0.0,52373.2,0.0,0.23255813953488372,0.0,1,0.0,17197.92,0.0,0.0,94936.03,1.0588235294117647,2,3,1,5.0,0,42562.83,0.0,25613.76,0.5604395604395604,1,0.0
74,67112074,0.01540284329379195,1,4325.41,84435.73,132344.17,0.003518082135148559,0.0,177062.12,0.010674816079343471,0.6581196581196581,0.0029184511799201403,7,112669.61,153454.76,7150.59,0.0,360190.38,1.6666666666666667,1,6,3,13.0,6,25257.44,0.0,32408.03,1.5403225806451613,2,5.0
75,45729618,0.07871197367480878,1,13615.73,316209.87,101144.23,0.019746427010459488,13615.73,84179.45000000001,0.04888106291606169,2.5416666666666665,0.026457378076079972,6,152244.69,212272.99,0.0,71037.74,447330.01,2.640625,1,4,7,12.0,4,17967.55,2.0,59009.59,2.8533333333333335,3,5.0
76,33684019,0.0018106960213661086,0,0.0,0.0,1964.18,0.000292334320296414,0.0,1964.18,0.002708116806689009,1.4653465346534653,0.005935464267431201,3,39485.79,39485.79,1964.18,18774.56,52625.2,0.8431372549019608,0,1,0,5.0,3,0.0,2.0,1964.18,0.8476190476190476,1,1.0
77,73608682,0.03398032630993799,2,49490.05,142572.39,165520.45,0.04486445630040951,0.0,361276.5,0.030308555166376084,3.8686868686868685,0.035031948644223765,11,294160.16,294160.16,89905.25,103005.97,753079.13,3.0,5,16,6,30.0,11,137396.12,5.0,214211.4,5.735849056603773,9,7.0
78,78490416,0.0,1,31173.17,0.0,23627.24,0.004966342133612572,0.0,23627.24,0.0,0.5,0.0,7,54800.41,271622.24,23627.24,0.0,47254.48,0.2912621359223301,0,1,0,2.0,2,0.0,0.0,23627.24,0.819672131147541,1,1.0
79,33275427,0.007846802940164422,1,5189.66,58509.59,86518.80000000002,0.01644084613467159,42177.21,132369.72,0.007097283088367697,2.3398058252427183,0.003596489352454363,15,116931.04000000001,248990.41999999998,57185.15,21473.87,315385.11,0.86,3,7,4,20.0,8,48862.329999999994,2.0,53964.92999999999,3.4766355140186915,3,6.0
80,7047142,0.0,0,0.0,0.0,41274.26,0.01093117174944942,0.0,41274.26,0.0,0.4270833333333333,0.0,1,41274.26,41274.26,41274.26,0.0,82548.52,0.12048192771084337,0,1,0,2.0,1,0.0,0.0,41274.26,0.7244897959183674,1,1.0
81,73205432,0.007203776541105241,2,212500.6,0.0,29730.23,0.02384470947575498,0.0,95251.31,0.004475707204988276,7.696969696969697,0.018716731883009513,8,281271.41000000003,315340.74,29730.23,52893.9,138588.76,4.068965517241379,0,5,0,8.0,6,0.0,3.0,45205.38,5.303030303030303,3,2.0
82,7670484,0.011997770959929203,0,0.0,36553.09,0.0,0.004279966124885411,0.0,36553.09,0.0,0.3372093023255814,0.0,2,36553.09,76436.18,0.0,0.0,47994.67999999999,0.0,1,1,1,2.0,1,11441.59,0.0,11441.59,0.41836734693877553,1,0.0
83,78702761,0.008901493184361918,1,10943.19,53811.92,0.0,0.009139905410951488,0.0,60659.24999999999,0.0,0.8316831683168316,0.0031870610014381627,3,27168.46,54832.85,0.0,16225.27,102202.79,0.2755102040816326,2,4,4,7.0,2,36122.49,1.0,48390.869999999995,2.0096153846153846,3,0.0
84,69708637,0.03782134344684905,3,50134.82,129482.98000000001,46596.97,0.016830023838578484,47420.29,356721.63,0.0435958306027304,6.230088495575221,0.05669577860398766,21,620299.77,792477.0299999999,46596.97,217112.75,857763.27,7.433628318584071,3,13,4,28.0,16,62109.14,8.0,73299.42,3.730769230769231,4,3.0
85,80918247,0.0,0,0.0,0.0,0.0,0.0,0.0,3660.0,0.0005374840124022116,0.0,0.0,5,0.0,109080.47,0.0,0.0,3660.0,0.7610619469026548,0,1,0,1.0,0,0.0,0.0,0.0,0.034482758620689655,0,0.0
86,33275433,0.005931527699606955,0,0.0,0.0,50974.11,0.009746455850010693,0.0,85833.73999999999,0.018122640183892542,6.888888888888889,0.011594303500940996,11,95566.17,169088.78,50974.11,57417.28,215707.47,4.552238805970149,0,4,0,11.0,8,0.0,4.0,50974.11,3.9836065573770494,3,3.0
87,81159506,0.0,1,22603.6,0.0,0.0,0.0,0.0,0.0,0.0,0.0,0.0,1,22603.6,22603.6,0.0,0.0,0.0,0.0,0,0,0,0.0,1,0.0,0.0,0.0,0.26785714285714285,0,0.0
88,21190333,0.005459611305198295,0,0.0,53630.11,28293.62,0.009070740419416546,0.0,171806.19,0.016611869333921767,2.4395604395604398,0.005281321583817194,4,52885.17,216549.47000000003,21469.44,46060.99,301722.83999999997,3.477272727272727,3,9,2,17.0,2,55562.04,1.0,76099.55,2.96875,5,4.0
89,81159505,0.008735597380053237,0,0.0,31831.95,56172.61,0.02678975531742848,0.0,63260.94,0.0,1.3492063492063493,0.0,4,0.0,152312.33000000002,56172.61,0.0,176009.12,0.21052631578947367,2,2,1,6.0,0,56575.57,0.0,88004.56,2.493150684931507,3,2.0
90,82436648,0.0,0,0.0,0.0,0.0,0.0,0.0,0.0,0.0,0.0,0.0,0,0.0,0.0,0.0,0.0,0.0,0.0,0,0,0,0.0,0,0.0,0.0,0.0,0.0,0,0.0
91,45775371,0.022599390009713286,2,88847.41,46470.549999999996,82435.42,0.031643688941333535,0.0,78020.52999999998,0.01501959126220593,1.5957446808510638,0.0,9,167755.76,266980.34,82435.42,0.0,266284.11,2.6382978723404253,4,5,2,12.0,6,105828.16,0.0,105828.16,2.8823529411764706,4,3.0
92,37599468,0.01951709551354617,4,71414.07,96372.65,40469.72,0.022536343429208634,0.0,178524.72999999998,0.0014498374546652963,1.7605633802816902,0.004465592933147288,11,193072.39999999997,238443.3,40469.72,29144.84,328781.06999999995,0.4755244755244755,3,6,3,12.0,9,102391.62,2.0,148042.07,1.9383561643835616,5,2.0
93,67867919,0.015072289574095479,1,29603.6,63821.95,44436.66,0.005714349493950699,0.0,34425.71,0.0,0.5531914893617021,0.0,2,46075.96,46075.96,4857.92,0.0,100349.85,0.0,2,2,3,7.0,2,21487.480000000003,0.0,3347.17,2.858974358974359,1,3.0
94,78161205,0.0069792834350500274,1,6730.56,41924.52,100255.19,0.023947958463705652,0.0,100424.61,0.00614822198010022,1.8415841584158417,0.006524413779983431,7,81852.25,179420.81,100255.19,31904.56,344581.49,1.2872340425531914,2,3,1,8.0,4,111997.13,1.0,142179.71,2.0288461538461537,3,2.0
95,8223910,0.010484907138821387,1,29591.1,38723.79,38723.79,0.0,0.0,0.0,0.0,0.0,0.0,1,29591.1,29591.1,0.0,0.0,38723.79,0.0,0,0,1,1.0,1,0.0,0.0,0.0,0.32038834951456313,0,1.0
96,67270285,0.005239045683702194,0,0.0,430.72,63092.8,0.009274102360718597,0.0,44560.85,0.008226768848719163,1.5277777777777777,0.01121161758384734,2,79438.15,79438.15,51534.64,25934.73,199484.16999999998,1.7636363636363637,5,4,1,14.0,2,38327.1,1.0,52703.67,2.3394495412844036,5,4.0
97,29113950,0.0014388632548664832,0,0.0,9500.82,13407.45,0.0036614604119903802,0.0,42157.020000000004,0.0035000451707888217,1.0365853658536586,0.0022259285068510857,1,13407.45,13407.45,13407.45,13407.45,65065.29,0.34146341463414637,1,3,1,5.0,1,9500.82,1.0,22908.27,1.7901234567901234,2,1.0
98,27150383,0.0,0,0.0,0.0,0.0,0.0068345385755279806,0.0,50317.81,0.011692264914652051,3.913793103448276,0.01636975307011953,7,94193.95000000001,94193.95,0.0,41960.19,92278.0,3.5714285714285716,0,4,0,7.0,7,0.0,3.0,0.0,0.0,0,0.0
99,79802064,0.03307676600588953,5,149063.81,177291.31,133775.96,0.022264069555850263,59282.93,110343.48,0.02553498772312855,2.1607142857142856,0.010661018505096598,12,204616.61,334469.67,26188.25,48230.869999999995,412677.07,2.9174311926605503,3,5,8,17.0,7,80432.60999999999,2.0,106620.85999999999,3.425,4,5.0
100,87633649,0.0,0,0.0,0.0,0.0,0.0,0.0,0.0,0.0,0.0,0.0,0,0.0,0.0,0.0,0.0,0.0,0.0,0,0,0,0.0,0,0.0,0.0,0.0,0.0,0,0.0
101,81317626,0.0,0,0.0,0.0,0.0,0.0,0.0,0.0,0.0,0.20689655172413793,0.0,2,0.0,63704.259999999995,0.0,0.0,0.0,0.037037037037037035,0,0,0,0.0,0,0.0,0.0,0.0,0.058823529411764705,0,0.0
102,41450846,0.021386419364976466,0,0.0,130065.9,53839.850000000006,0.014343776781966695,0.0,174849.74,0.025668097912169598,3.2857142857142856,0.026736584764111393,8,151976.79,231609.58000000002,4096.19,151976.79,391581.16000000003,3.869565217391304,1,9,5,17.0,7,53531.72,7.0,85918.43,2.1285714285714286,4,3.0
103,87395214,0.02030774910890062,1,28255.83,77398.82,48998.02,0.013402116450652231,0.0,55342.47,0.0,1.0153846153846153,0.0,5,59711.62,149402.55,26941.67,0.0,156468.84,0.0,2,2,3,6.0,2,52128.35,0.0,52128.35,3.1076923076923078,2,2.0
104,73608661,0.01915210113653375,0,0.0,93881.25,24227.51,0.008827562712205517,0.0,118597.01999999999,0.014880042156429572,1.2325581395348837,0.005117574593174855,3,79488.51999999999,79488.51999999999,0.0,23725.48,210124.87999999998,1.7244094488188977,2,5,4,9.0,3,43574.869999999995,1.0,43574.869999999995,1.3409090909090908,2,1.0
105,34956553,0.0007109894441068393,0,0.0,4712.76,0.0,0.0,0.0,4712.76,0.0,0.13385826771653545,0.0,12,4712.76,370221.33,0.0,0.0,4712.76,0.06201550387596899,0,1,1,1.0,1,0.0,0.0,0.0,0.484375,0,0.0
106,68693165,0.0,0,0.0,0.0,0.0,0.0,0.0,0.0,0.0023823613562382155,1.3088235294117647,0.0024352035224606276,2,19047.51,54096.89,0.0,19047.51,19047.51,0.8656716417910447,0,0,0,1.0,1,0.0,1.0,0.0,0.0,0,0.0
107,77233350,0.01501426404147105,1,23145.17,31458.76,31458.76,0.0,0.0,0.0,0.04266771291235967,3.9047619047619047,0.039303378433242615,3,84221.0,84221.0,0.0,61075.83,92534.59,2.4878048780487805,0,0,1,3.0,3,0.0,2.0,0.0,0.8163265306122449,0,1.0
108,79604595,0.0041258251787337176,0,0.0,22288.78,22288.78,0.0,0.0,0.0,0.0,0.0,0.0,1,0.0,196340.68,0.0,0.0,22288.78,0.0,0,0,1,1.0,0,0.0,0.0,0.0,0.35714285714285715,0,1.0
109,74241118,0.04031507901061932,2,59338.909999999996,91706.82,18158.670000000002,0.08857049204964813,0.0,314919.11,0.04112439157178512,7.372093023255814,0.03421500167546754,9,157660.37,157660.37,10398.87,66653.91,453116.83,7.8700000000000045,4,16,5,23.0,9,117394.61,5.0,84951.5,3.3617021276595747,5,2.0
110,45545467,0.006499653713416342,0,0.0,10582.59,35595.72,0.009710147260086196,0.0,28617.510000000002,0.0056940243421972235,1.688073394495413,0.009509718287519878,3,34643.78,46248.84,35595.72,34643.78,102960.34,2.0277777777777777,1,3,1,8.0,2,14558.23,2.0,35595.72,1.5862068965517242,2,2.0
111,20166668,0.017981314069185753,1,6367.76,92398.17,48660.56,0.025804289387161953,0.0,183880.35,0.001836509200832671,2.1789473684210527,0.005862596291518623,14,161293.95,429377.73,48660.56,41549.399999999994,389856.48000000004,1.5326086956521738,3,5,2,11.0,8,135219.79,3.0,141058.72999999998,2.642857142857143,4,2.0
112,86507392,0.02730465845763737,0,0.0,87039.96,4657.34,0.03706368186566838,0.0,187036.27000000002,0.0,2.0425531914893615,0.0,2,4657.34,99996.31,4657.34,0.0,191693.61000000002,0.6739130434782609,0,3,1,4.0,1,0.0,0.0,99996.31,2.5208333333333335,2,1.0
113,66272549,0.011155873427247817,0,0.0,82591.2,74733.89,0.02255540856991609,0.0,283017.43999999994,0.016980760999207947,3.0338983050847457,0.006775360208781387,11,42904.990000000005,230592.71000000002,42974.56,39554.78,448675.25,4.300884955752212,2,12,4,21.0,4,64243.88,3.0,124092.84,2.819672131147541,5,4.0
114,79019397,0.04337447991280011,1,25922.31,77593.88,262739.69999999995,0.012275341772455067,25922.31,162346.31,0.00190828020400858,0.5289256198347108,0.00783281175135874,4,87567.17000000001,113489.48000000001,33971.89,53531.770000000004,455879.68,1.1196581196581197,1,6,3,13.0,3,30793.67,2.0,61074.84,2.3448275862068964,2,6.0
115,79193717,0.06662391472556721,0,0.0,274620.12,125800.48000000001,0.0663693629994401,84238.1,400094.93999999994,0.019018412996041092,4.417910447761194,0.03996735170115568,11,315241.45,497023.93000000005,86497.96,212428.79,1104527.21,5.083333333333333,4,7,3,16.0,6,303439.5668000001,3.0,278427.68,2.859375,2,2.0
116,76250217,0.006577677531775245,0,0.0,21531.17,0.0,0.00782653369366086,0.0,56490.89,0.010453917591009746,1.0975609756097562,0.0,1,0.0,24985.42,0.0,0.0,56490.89,2.9714285714285715,0,3,1,3.0,0,0.0,0.0,24531.17,1.069767441860465,1,0.0
117,40529432,0.0,0,0.0,0.0,0.0,0.0243532686257797,0.0,0.0,0.0,0.29577464788732394,0.0,3,0.0,75185.38,0.0,0.0,90096.5,0.05263157894736842,1,0,0,1.0,0,90096.5,0.0,90096.5,0.1388888888888889,1,0.0
118,85831440,0.014643001836063669,1,528.0,65296.99,38799.95,0.007764882811580997,0.0,54594.08,0.0,0.4507042253521127,0.0,3,32609.44,32609.44,0.0,0.0,93394.03,0.4375,0,4,4,6.0,3,0.0,0.0,28097.04,1.9,2,2.0
119,38558460,0.029475163865575433,2,66686.0,169912.98,368577.92000000004,0.04849731561225983,43335.22,236575.89999999997,0.019505979065566854,3.65,0.044928204059310015,14,396231.33,555200.9,198664.94,254248.47,817723.43,2.1652173913043478,1,3,5,15.0,10,66966.94,6.0,303542.83999999997,2.5309734513274336,4,7.0
120,66797555,0.001179295930386516,1,3700.7,10583.44,31868.47,0.002341575065657161,0.0,0.0,0.0,1.4069767441860466,0.001267466573719118,10,14836.3,251047.83,21285.03,11135.6,61589.1,0.653179190751445,1,0,1,6.0,4,21285.03,3.0,21285.03,0.6384180790960452,1,2.0
121,26756382,0.004463680221212986,2,10925.99,43942.57,18295.030000000002,1.5740087575637e-05,0.0,152986.35,0.01419667377081102,1.8373983739837398,0.0031577136654575262,26,328140.66000000003,848409.0699999998,146.13,21666.72,224688.80000000002,2.8053097345132745,0,9,4,15.0,12,0.0,2.0,146.13,2.0833333333333335,1,2.0
122,25184156,0.00914966425581503,0,0.0,67657.55,83993.53,0.014016347906143273,0.0,89755.34,0.003235607569102652,4.211538461538462,0.009365244583052313,10,118313.67,170204.2,83993.53,76083.03,361581.32999999996,2.8584070796460175,4,5,4,17.0,7,105621.70999999999,5.0,101292.72,3.1868131868131866,3,2.0
123,45965566,0.003729011073389129,0,0.0,0.0,39766.22,0.00609789859782993,0.0,86053.85,0.002721446340662553,0.5086206896551724,0.0030500573937999667,1,29361.01,29361.01,29361.01,29361.01,154083.44,0.9230769230769231,1,5,0,8.0,1,28263.37,1.0,29361.01,0.8090909090909091,1,2.0
124,77516220,0.00650590137684692,0,0.0,13902.8,29122.83,0.007351250504413367,0.0,38946.08,0.022156555705138553,5.176470588235294,0.03730846540881257,5,74065.38,85619.81,15220.03,74065.38,126914.26000000001,4.469387755102041,0,2,1,7.0,4,0.0,4.0,15220.03,2.306122448979592,1,2.0
125,6562429,0.010699280498846414,0,0.0,23868.35,0.0,0.02162646768095404,23286.95,170784.96,0.012187487292591583,1.2,0.01609442627148681,8,103976.29000000001,127263.24,0.0,23260.47,184401.43999999997,0.6133333333333333,1,13,2,14.0,7,13616.48,2.0,35683.95,0.8452380952380952,3,0.0
126,78119669,0.0051463858269026,0,0.0,28423.15,80294.97,0.01498662876766819,0.0,174285.5,0.0034901629765366968,1.8623853211009174,0.01057299129385375,4,92940.16,92940.16,80294.97,80294.97,286972.32,1.975609756097561,2,8,2,13.0,4,32391.85,3.0,112686.82,3.0695652173913044,5,3.0
127,83036216,0.02037019050403389,0,0.0,41898.98,41898.98,0.0,0.0,0.0,0.0,0.0,0.0,0,0.0,0.0,0.0,0.0,41898.98,0.0,0,0,1,1.0,0,0.0,0.0,0.0,0.43103448275862066,0,1.0
128,21428817,0.005640379586713539,5,240683.76,57025.770000000004,16283.91,8.65294991365659e-06,0.0,74857.48999999999,0.008690773275057935,2.5729166666666665,0.003826038507472495,15,357273.25000000006,651966.47,87.0,33864.41,125026.8,3.932584269662921,0,5,3,10.0,10,0.0,2.0,87.0,2.479591836734694,1,2.0
129,88475645,0.01179748512560699,1,21359.63,6623.97,39439.7,0.0,0.0,6623.97,0.0,0.0,0.0,12,26048.96,447900.33999999997,46450.1,0.0,125496.66999999998,0.0,0,1,1,7.0,2,0.0,0.0,0.0,3.2282608695652173,0,4.0
130,81497066,0.0,0,0.0,0.0,0.0,0.0,0.0,12299.66,0.0029202973663833296,0.0,0.0,1,38448.44,38448.44,0.0,0.0,12299.66,1.5384615384615385,0,2,0,2.0,1,0.0,0.0,0.0,0.0,0,0.0
131,84007357,0.0,0,0.0,0.0,17600.87,0.004985250675300966,0.0,3403.07,0.0,0.543859649122807,0.0,5,0.0,122856.49,14197.8,0.0,35201.74,0.037037037037037035,1,1,0,4.0,0,14197.8,0.0,14197.8,1.3015873015873016,1,2.0
132,74198977,0.003439123507750868,0,0.0,14890.82,44940.39,0.014465166876847515,19688.62,122801.12000000001,0.02561602451046229,1.765625,0.010812037967581166,6,64203.600000000006,93184.25,44940.39,31323.02,167741.51,1.8571428571428572,0,4,1,6.0,3,0.0,1.0,44940.39,2.8088235294117645,2,2.0
133,30719098,0.0,0,0.0,0.0,4795.0,0.0031878027850782914,0.0,10422.46,0.0,1.1774193548387097,0.0017705580722988518,2,17289.13,17289.13,4795.0,6097.46,15217.46,0.5555555555555556,0,2,0,3.0,2,0.0,1.0,10422.46,1.3666666666666667,2,1.0
134,21513583,0.009035479276147722,2,41085.02,42286.25,32818.37,0.00431391880618295,0.0,32663.46,0.0037184444776741693,1.9565217391304348,0.0036735352566163405,5,77094.40999999999,77094.40999999999,6587.35,19209.16,90172.34,0.9885057471264368,1,3,3,9.0,5,6034.35,2.0,22642.58,2.7916666666666665,3,4.0
135,33106736,0.0,0,0.0,0.0,0.0,0.0,0.0,0.0,0.0041847294707941735,3.4516129032258065,0.012997036003155658,3,35368.770000000004,35368.770000000004,0.0,35368.770000000004,35368.770000000004,2.1228070175438596,0,0,0,3.0,3,0.0,3.0,0.0,0.0,0,0.0
136,74615152,0.008098669859667862,1,8760.73,45322.03,75494.5,0.023119941528434353,0.0,229047.46999999997,0.026432041029071245,1.4758064516129032,0.022784700242013664,4,123985.02,123985.02,59029.83,115224.29000000001,357373.86,2.122950819672131,1,5,2,9.0,4,32438.09,3.0,126200.58,1.407079646017699,3,2.0
137,52580644,0.02908417314539803,2,26298.690000000002,67029.4,168443.95,0.02073584883600829,0.0,213413.0,0.010978866928805139,1.5818181818181818,0.011546758158204953,6,174393.53,174393.53,37188.66,46488.7,529177.73,4.61344537815126,4,8,2,17.0,6,109616.47,2.0,109616.47,1.368421052631579,4,4.0
138,62700398,0.025253152186224884,2,62581.32,116782.7,37890.329999999994,0.04212532276058844,33987.1,386933.9199999999,0.039483915870100486,8.038461538461538,0.022546096501866463,8,169941.12000000002,245183.38,33615.09,107731.81,623451.88,7.8700000000000045,3,10,4,18.0,6,120438.2,4.0,191788.41,5.863636363636363,5,2.0
139,88376674,0.0,0,0.0,0.0,0.0,0.0,0.0,0.0,0.0,0.0,0.0,0,0.0,0.0,0.0,0.0,0.0,0.0,0,0,0,0.0,0,0.0,0.0,0.0,0.0,0,0.0
140,40719888,0.02577761668826226,0,0.0,57663.020000000004,71760.65,0.02533502240523423,0.0,215062.62,0.0071465942095155,2.4330708661417324,0.011216541442611146,6,113877.91999999998,113877.92,50668.52,78643.41,498709.49,2.2125984251968505,3,7,4,17.0,6,134286.97,4.0,54380.409999999996,2.5508474576271185,3,4.0
141,79566144,0.017298468495445904,0,0.0,108061.15,72568.26,0.020422172621989285,0.0,54197.53,0.08062305169142238,1.3333333333333333,0.05528110791291427,6,254744.91,342418.89,20330.51,53282.56999999999,502130.77,0.8823529411764706,1,3,5,11.0,3,100277.69,2.0,37764.02,2.1769911504424777,2,3.0
142,74087878,0.005315617809584845,0,0.0,21335.84,47921.75,0.018259928796191285,0.0,69257.59,0.0,0.8441558441558441,0.0,1,47921.75,47921.75,47921.75,0.0,138515.18,0.1917808219178082,1,2,1,4.0,1,21335.84,0.0,69257.59,1.5060240963855422,2,1.0
143,7775784,0.0075653920282561125,1,15192.64,18653.1,30477.95,0.007845631563660629,15192.64,92997.87,0.011627125230757422,1.3027522935779816,0.0045853532793384945,14,110394.62,399501.98,27566.0,36585.19,195158.88,0.3103448275862069,2,4,1,9.0,4,35097.869999999995,1.0,62663.869999999995,1.1818181818181819,3,2.0
144,9924618,0.02219925995335015,2,31304.23,134348.7,189456.03000000003,0.025510080820152253,43220.01,256998.17,0.008832358310167494,8.029411764705882,0.06035583314037207,24,499178.71,782889.0700000001,60481.119999999995,246578.8,722033.89,5.36,2,10,7,29.0,19,7448.639999999999,10.0,102477.18,4.868131868131868,5,6.0
145,58277101,0.02252927263981989,0,0.0,169125.07,139563.27,0.02111922704055267,12300.5,205389.65,0.012091824797654468,3.0392156862745097,0.007418428163622838,23,235261.98,887561.84,83620.23999999999,52024.16,445367.25,2.3175675675675675,1,9,6,19.0,9,64842.21,4.0,153223.13999999998,3.6948051948051948,5,6.0
146,80179308,0.0029443990495064054,2,60791.81,0.0,57848.26,0.027047910029891334,30261.16,48119.06,0.0,1.2268041237113403,0.0,7,81136.42,226863.59,57848.26,0.0,209954.93000000002,0.18478260869565216,4,2,0,8.0,3,103987.61,0.0,117308.9,1.69,4,2.0
147,18274198,0.0005851203696931005,1,30581.87,4737.19,0.0,0.0035844958988259794,0.0,30720.96,0.0,0.5161290322580645,0.005031085018795721,7,71935.98999999999,187273.35,0.0,36616.93,30720.96,0.20212765957446807,0,2,1,2.0,3,0.0,1.0,25983.77,0.6565656565656566,1,0.0
148,73000615,0.05004666688861643,2,58133.17,132871.66,102871.36,0.05558365872785932,0.0,205485.69,0.026266907936144328,4.775280898876405,0.03598632614170863,10,187409.52000000002,246764.68000000002,72293.36,116744.81,442417.86,3.9347826086956523,3,10,7,20.0,7,60631.270000000004,4.0,160353.61000000002,5.4523809523809526,7,4.0
149,78889901,0.003913973383042164,1,28416.29,14211.85,143865.81,0.05320112873235192,0.0,239394.96,0.016127832180995626,1.7894736842105263,0.013073541549599067,7,128606.57999999999,150916.55,143865.81,100190.29,399427.4,4.0,1,6,2,8.0,5,16166.63,4.0,160032.44,2.625,2,1.0
150,74841904,5.392391804762443e-05,1,15147.9,407.99,0.0,0.0,0.0,0.0,0.0,0.0547945205479452,0.0,1,15147.9,15147.9,0.0,0.0,407.99,0.028985507246376812,0,0,1,1.0,1,0.0,0.0,0.0,0.6125,0,0.0
151,20821103,0.015160979092475772,0,0.0,45154.66,143216.58,0.024261938577774495,0.0,345924.97,0.035501850061277346,4.248062015503876,0.018522022667107233,9,201132.03,201132.03,93903.15,97334.68,698080.94,4.817460317460317,4,11,2,26.0,9,98089.3,5.0,139057.81,4.9113924050632916,6,5.0
152,43627127,0.014874225478323065,3,231844.30000000002,82432.98,64088.13,0.018652740860015525,54112.22,675158.3299999998,0.03846098601097907,1.6,0.002171815844467416,18,487502.98,876192.5099999999,7308.49,23628.879999999997,848917.05,2.9836065573770494,3,14,2,21.0,7,89741.47,2.0,139580.55,1.7154471544715446,4,3.0
153,6620233,0.019483720341255405,1,3711.35,44678.44,108431.7,0.02607645547309078,0.0,148657.43999999997,0.017351085741636265,3.1359223300970873,0.010818141423791911,8,157097.57,157097.57,16432.77,72581.94,485413.82999999996,1.6595744680851063,2,5,3,15.0,8,155742.75,3.0,142420.9,1.55,2,5.0
154,73608611,0.06529754428471622,3,96254.66,279119.15,253329.14,0.015988498727298097,0.0,154650.16,0.03343223322715722,1.3406593406593406,0.008876504043714244,8,150693.21000000002,277735.47,0.0,47440.090000000004,509280.26,1.574468085106383,2,6,8,15.0,7,68963.31,2.0,25790.010000000002,3.1555555555555554,2,6.0
155,8130004,0.004297595009742386,4,74469.76000000001,21473.87,101959.65,0.01769565798631156,3359.26,154557.33,0.025761682181846775,2.05,0.020976688072896033,11,222207.41,263266.76,57255.520000000004,80410.05,369188.26,1.4814814814814814,1,6,1,14.0,8,21473.87,3.0,85208.59,1.8275862068965518,4,3.0
156,25226872,0.030468772227464424,1,12196.08,20144.73,127410.63,0.03790246726023384,0.0,542212.71,0.017152507372216158,2.2421875,0.012404040945187851,13,163530.57,339772.33,48933.1,16432.7,1062705.88,2.5891472868217056,4,13,2,26.0,6,300679.49,1.0,69077.83,2.022727272727273,4,6.0
157,44188595,0.016438358415487197,1,3768.82,34587.7,103986.39,0.024095918414655724,0.0,150389.44,0.00904970346035306,3.3771929824561404,0.014000384928979141,8,106018.92,106018.92,100647.89,59557.619999999995,340057.63,2.5210084033613445,4,10,2,22.0,8,59300.44,4.0,122834.28,3.84297520661157,8,6.0
158,20648056,0.011386808163625941,1,24133.21,103037.1,100446.23999999999,0.0031076117488083223,0.0,41190.49,0.0027666474927368775,0.9871794871794872,0.0014568419402364223,5,41441.87,77769.98000000001,1062.37,17308.66,181266.00999999998,0.8545454545454545,4,4,6,16.0,3,26022.239999999998,2.0,10853.27,1.78125,2,7.0
159,51360067,0.0,2,24765.57,0.0,170869.14,0.019076145085828552,24068.57,256332.85,0.01411725806081802,2.5045871559633026,0.009390667284400864,15,223360.77000000002,468543.44,58056.98,97044.78,491735.37,2.855769230769231,0,6,0,13.0,7,0.0,4.0,70996.86,1.669811320754717,2,3.0
160,47151261,0.009048370813867673,0,0.0,33282.46,33282.46,0.005018013860114206,0.0,38867.68,0.0014653408995674536,0.1782178217821782,0.000978723683158647,1,7309.56,7309.56,0.0,7309.56,107226.98999999999,0.16,1,2,2,5.0,1,35076.85,1.0,3790.83,0.5588235294117647,1,2.0
161,32405066,0.020081518427406568,0,0.0,115690.47,98135.37,0.008084198839552645,0.0,90912.42,0.0013551045809530073,1.916083916083916,0.0018196241393913404,5,53741.84,88067.07,21284.33,14902.41,277997.52,1.0451127819548873,2,2,4,11.0,4,74047.32,3.0,21284.33,1.3055555555555556,1,4.0
162,12665423,0.059863620186029774,0,0.0,204985.91,96383.1,0.06817270952411501,8468.11,349209.79000000004,0.03767677933727642,4.346666666666667,0.0120587665215594,5,38618.06,82788.71,0.0,47086.17,764595.3400000001,6.5479452054794525,4,10,4,17.0,3,296342.04000000004,4.0,223235.9,1.825,5,1.0
163,53425402,0.0,1,3091.86,0.0,795.29,0.005139869488206026,0.0,795.29,0.006983880509345505,2.380952380952381,0.012425981457006616,5,64336.350000000006,83397.83,25407.84,61244.490000000005,87447.62000000001,1.1764705882352942,0,1,0,6.0,4,0.0,3.0,795.29,1.5555555555555556,1,1.0
164,79242277,0.013691906358093277,1,26059.73,64293.990000000005,142356.64,0.023342572535206583,0.0,175892.42,0.021882539513135194,3.979591836734694,0.014611803823953837,5,152947.61,152947.61,113911.78,90452.72,439051.71,3.0416666666666665,5,6,3,19.0,5,72351.27,3.0,150787.77000000002,4.481132075471698,7,6.0
165,75890155,0.04549563183626908,1,20593.69,24138.94,236277.84999999998,0.09277669580769159,20593.69,254837.77999999997,0.03855452280836121,3.203125,0.00576310282195058,10,16433.51,298280.99,236277.84999999998,16433.51,607694.9099999999,2.830508474576271,1,5,1,9.0,1,100145.77,1.0,285618.79,2.984126984126984,4,2.0
166,79147086,0.006488001222371584,0,0.0,36484.79,13501.3,0.02020135389446457,49461.8,110549.09,0.010974269315356592,1.1442307692307692,0.009589145611445521,4,54264.84,103726.64,13501.3,54264.84,186209.6,2.2264150943396226,3,9,3,13.0,3,62159.21000000001,3.0,57184.3,2.029126213592233,4,1.0
167,15833104,0.011081653186351704,0,0.0,98337.8,98828.51,0.0193339397777203,0.0,259657.15000000002,0.01388595093026421,2.780821917808219,0.009915168278737655,12,194095.32,284547.46,64618.39,41609.07,388189.64,1.0857142857142856,1,12,4,17.0,9,29703.98,2.0,137135.96,4.554054054054054,5,4.0
168,40084852,0.027019082030619295,0,0.0,79806.76000000001,146927.25,0.03443617158174626,0.0,231510.79000000004,0.01942146643267561,4.420454545454546,0.031465494137700355,8,151925.16,201033.51,89616.37,120160.93,505463.17,5.021978021978022,3,10,6,21.0,5,68108.93,4.0,133472.15,4.9375,5,5.0
169,78930964,0.012601061348462566,2,49049.880000000005,26717.63,90103.34,0.037156652959382745,0.0,251057.77000000002,0.03213902336734283,3.4193548387096775,0.02609133276785155,9,192309.65999999997,280491.8,90103.34,24001.14,483679.23000000004,2.532258064516129,2,6,1,11.0,6,59561.100000000006,1.0,161493.49,2.3559322033898304,4,1.0
170,22956270,0.015088123234709917,0,0.0,65880.62,0.0,0.034552986338550494,0.0,117097.43,0.025834591491309938,1.7872340425531914,0.015564398652930926,7,192748.83,344272.16000000003,0.0,3562.84,339464.86,2.64,4,4,2,9.0,3,151177.43,1.0,112025.61,1.8958333333333333,3,0.0
171,15671060,0.009276931865827509,1,26524.28,43607.66,10461.08,0.006275183971540298,0.0,52551.19,0.0,1.3611111111111112,0.003709370198355845,7,228169.44,292661.35,3434.39,31333.88,162992.16,0.5925925925925926,2,3,3,9.0,6,49116.8,2.0,17051.760000000002,1.990566037735849,2,2.0
172,23644563,0.0020877967995280933,1,24727.25,17192.91,25826.35,0.00117633489612593,0.0,9842.44,0.003563123479533779,2.223076923076923,0.0045971076147555395,15,62856.59,318465.01,8633.44,32573.04,73798.13,1.2755905511811023,0,1,1,7.0,5,0.0,3.0,9842.44,0.9024390243902439,1,2.0
173,78490417,0.01644345741460104,1,16214.54,122918.28,0.0,0.009844631380681448,21363.45,142386.13,0.01320559859797742,1.641025641025641,0.007705005807780722,11,93485.28,278349.05,0.0,47286.57,379629.71,1.3098591549295775,4,7,5,15.0,4,101554.83,2.0,101554.83,1.4968944099378882,4,0.0
174,7503401,0.0,0,0.0,0.0,2753.67,0.0014027518292921122,0.0,37698.48,0.0,0.7183098591549296,0.010046607086002687,6,214727.38999999998,221917.95,0.0,65232.509999999995,40452.15,2.7974683544303796,0,3,0,4.0,5,0.0,3.0,4858.73,0.0,1,1.0
175,69372676,0.01575113365156499,0,0.0,25069.9,115735.39,0.009758118015767264,25069.9,76806.70999999999,0.011004366489353538,2.619047619047619,0.017409618397043112,8,110028.23,214708.68,50102.7,84177.33,224620.73000000004,2.039473684210526,0,4,1,9.0,4,0.0,3.0,50102.7,2.4831460674157304,2,4.0
176,82878344,0.0,1,19193.85,0.0,0.0,0.008064456017710064,19193.85,22038.81,0.0,0.36363636363636365,0.0,3,23626.81,85757.4,0.0,0.0,22038.81,0.3333333333333333,0,1,0,1.0,1,0.0,0.0,22038.81,0.36363636363636365,1,0.0
177,14120335,0.07096617922815848,1,38723.38,221097.81,354588.66000000003,0.038027017227013196,38723.38,231349.47,0.017411759176847456,2.088235294117647,0.007992403026282568,10,90123.96,328106.06999999995,15437.53,62250.020000000004,849428.79,1.5446428571428572,7,11,10,32.0,5,221204.43,3.0,171860.81,3.364485981308411,6,12.0
178,25320987,0.030689783760956945,0,0.0,113723.13,279789.15,0.011389878536430456,0.0,326070.42000000004,0.026717776947339338,2.033707865168539,0.005104264852140244,6,146607.2,317957.58999999997,97403.63,42564.09,673579.31,5.528735632183908,0,9,2,15.0,3,0.0,1.0,97403.63,2.4352941176470586,2,5.0
179,77557148,0.009968395237113901,1,12911.25,87545.34,87545.34,0.0,12911.25,21473.87,0.013306298781844587,0.8120300751879699,0.008121313215477141,5,81795.48999999999,119108.38,0.0,41213.42,150232.63,1.1382113821138211,0,1,2,4.0,3,0.0,1.0,0.0,0.4740740740740741,0,2.0
180,40405885,0.0,0,0.0,0.0,0.0,0.0,0.0,0.0,0.0,0.0,0.0,0,0.0,0.0,0.0,0.0,0.0,0.0,0,0,0,0.0,0,0.0,0.0,0.0,0.0,0,0.0
181,74358352,0.01652195812937836,0,0.0,43143.61,15770.17,0.024438337428443677,0.0,58913.78,0.006308838545162347,1.2469135802469136,0.005587426533839227,1,15770.17,15770.17,15770.17,15770.17,122057.48,0.20481927710843373,2,3,2,6.0,1,47373.53,1.0,63143.7,2.3012048192771086,3,1.0
182,79925228,0.00688643658167907,0,0.0,17264.55,76582.25,0.022569102564893424,0.0,120844.56,0.06474108688274509,4.526315789473684,0.04419753147974103,6,106905.87000000001,175607.2,59317.700000000004,106905.87,247441.08000000002,5.767857142857143,0,4,2,11.0,4,0.0,4.0,56379.600000000006,4.26984126984127,2,5.0
183,46976442,0.006747198239059476,1,19902.24,30083.36,53441.53999999999,0.014552905437420055,0.0,318052.74,0.049464472316063615,2.6285714285714286,0.0050104058375674805,8,158455.95,161557.09999999998,53441.53999999999,23553.44,400141.33999999997,3.212121212121212,1,8,1,14.0,7,5093.62,1.0,70894.83,2.864864864864865,5,4.0
184,20449137,0.007603689062603083,2,45823.05,69671.2,206796.16,0.03591760151582741,23585.87,241452.44,0.014899520786960243,4.141414141414141,0.02380028170885378,16,308919.26,459283.91,129369.31,120759.54,667202.46,2.642857142857143,4,10,3,24.0,12,143224.54,4.0,184473.25,4.666666666666667,7,8.0
185,64971873,0.03813354145095332,4,250131.29040000023,161363.25,323131.5,0.028157650002175773,125003.42080000018,307645.56000000006,0.019961202462801347,3.3951612903225805,0.009948924999446178,23,745713.74,1043086.8200000001,92630.67,74263.33,994384.51,2.3949579831932772,8,10,5,28.0,15,265540.08,4.0,234845.44,4.235772357723577,8,6.0
186,16462804,0.002970702995189706,0,0.0,18843.87,24660.83,0.003396376358006596,0.0,50503.75,0.005128283371936592,1.1007194244604317,0.004793733646527541,4,58096.560000000005,58096.560000000005,12627.44,26034.89,151426.66999999998,1.213235294117647,3,3,1,11.0,4,30877.26,2.0,31471.309999999998,1.0782608695652174,2,3.0
187,58186172,0.06745546647053241,0,0.0,193298.66999999998,172871.36,0.06290144091787957,0.0,136215.05,0.025590986720840637,2.730769230769231,0.010854406768342088,5,69914.64,137343.80000000002,90132.03,28638.79,482128.84,0.46938775510204084,6,5,7,18.0,2,144403.64,1.0,170059.35,3.7857142857142856,7,6.0
188,70132897,0.008598859907427972,0,0.0,35330.479999999996,35330.479999999996,0.0,0.0,0.0,0.0,0.0,0.0,1,0.0,16574.23,0.0,0.0,35330.479999999996,0.0,0,0,2,2.0,0,0.0,0.0,0.0,0.4807692307692308,0,2.0
189,80419698,0.03794228620349262,0,0.0,165419.55,196202.35,0.0080831402062396,0.0,121557.31,0.011265869385817763,2.5824175824175826,0.0060561266733618205,6,114720.32,139458.2,27669.6,40156.58,410330.45000000007,1.5412844036697249,3,4,6,16.0,5,52414.21,2.0,52414.21,3.7790697674418605,3,7.0
190,86252847,0.040376942886135476,1,134501.41,220975.38,90874.26000000001,0.031453587387185254,0.0,147802.3,0.014747149075122841,2.418181818181818,0.012929539670136726,4,184194.14,184194.14,0.0,49692.73,355090.04000000004,1.5918367346938775,2,5,6,10.0,4,116413.48000000001,3.0,134114.66,4.131147540983607,4,3.0
191,15648778,0.017253537387659626,1,83277.5,114849.09,174487.86000000002,0.027321793203799866,74825.94,145317.52000000002,0.005649755435753143,1.6216216216216217,0.007474644222112209,12,294232.08,482460.17000000004,96937.85,24629.52,535339.51,0.5779816513761468,2,5,5,15.0,7,129145.91999999998,1.0,96937.85,2.9732142857142856,2,5.0
192,77557145,0.034558458120545484,0,0.0,157715.94,66808.4,0.020208340572444822,0.0,122786.26000000001,0.03567681846022528,2.416,0.01944216518380211,4,83144.35,83144.35,0.0,83144.35,297009.29000000004,1.3448275862068966,3,7,8,15.0,4,59963.270000000004,4.0,91841.99,2.795275590551181,5,3.0
193,76994211,0.03222694909160527,3,84123.0,112223.34,72772.37999999999,0.027798630729185862,0.0,143696.18,0.0025393617425897405,1.6105263157894736,0.006772370124128865,5,141850.12,141850.12,16433.51,0.0,317323.41000000003,1.223529411764706,6,8,6,18.0,5,100854.85,0.0,92803.32999999999,3.1616161616161618,6,4.0
194,73608694,0.02152026262949518,0,0.0,122767.16,30345.83,0.014199951229788668,0.0,139506.65,0.018669186448368024,1.446808510638298,0.008059217737355996,4,94625.26000000001,128218.25,0.0,42896.1,269737.54,1.3372093023255813,2,3,3,7.0,3,83659.1,2.0,83659.1,1.3118279569892473,2,1.0
195,69534532,0.010651913592153197,1,28288.26,40525.79,144403.3,0.030914397395347425,27629.65,310598.29,0.024582009922873602,7.369565217391305,0.03886866452179647,22,561293.4,667990.32,91307.51000000001,273454.47,752907.77,3.873684210526316,2,10,1,24.0,18,87802.91,9.0,124299.3,3.6153846153846154,5,5.0
196,76166071,0.03694784825714117,1,550.6,240716.73,325208.1,0.028250406710525894,6254.38,311306.16,0.005182440670039956,1.9669421487603307,0.02722333525768319,17,268628.57,653314.12,171226.41999999998,170516.68,652188.9299999999,2.52991452991453,1,8,7,18.0,9,15674.67,4.0,186901.09,4.556451612903226,5,9.0
197,82607901,0.020988351507346,1,30002.29,107850.61,34142.88,0.01945616004796477,0.0,142187.38999999998,0.012547942541027025,3.746987951807229,0.010962508162231635,16,178851.69,553831.08,40521.38,48597.27,358883.79000000004,2.6144578313253013,3,7,5,17.0,9,81957.87,4.0,55545.799999999996,4.566265060240964,4,2.0
198,78702750,0.01189548800900238,0,0.0,72558.29,79557.56,0.0012295847549950128,0.0,6999.27,0.011748761963551619,2.625,0.010667415394769295,3,52083.490000000005,59082.76000000001,6999.27,52083.490000000005,138640.32,1.5194805194805194,0,1,1,5.0,2,0.0,2.0,6999.27,1.0714285714285714,1,2.0
199,78284695,0.0,0,0.0,0.0,33560.71,0.010945700124788738,0.0,0.0,0.0,0.92,0.008947868287804521,1,26331.74,26331.74,33560.71,26331.74,96453.16,0.3333333333333333,1,0,0,3.0,1,36560.71,1.0,36560.71,0.580952380952381,1,1.0
200,78284712,0.005590982644859416,1,27259.46,4240.1,47921.31,0.010368931816995006,0.0,118370.77,0.05071456230171745,2.4838709677419355,0.04773933909030409,15,283789.7,520653.43999999994,43681.21,67342.6,390659.52999999997,1.4181818181818182,2,3,1,14.0,8,26216.6,2.0,45123.14,2.6865671641791047,2,3.0
201,87588920,0.0,1,40951.52,0.0,0.0,0.0,0.0,0.0,0.0,0.0,0.0,1,40951.52,40951.52,0.0,0.0,0.0,0.0,0,0,0,0.0,1,0.0,0.0,0.0,0.5,0,0.0
202,73570298,0.005562075574037429,0,0.0,34743.490000000005,60885.61000000001,0.005040173013758141,0.0,26142.120000000003,0.0063517513026511456,3.4732142857142856,0.01339240677837899,8,64844.850000000006,113237.85,26550.120000000003,64844.85,135847.77000000002,1.8240740740740742,0,2,2,11.0,5,0.0,5.0,26142.120000000003,2.3217391304347825,2,4.0
203,50987942,0.0043293829748851055,3,42526.01,27842.68,0.0,0.00393175032292816,0.0,74956.76000000001,0.008276164936570391,2.98019801980198,0.009445627227044763,13,170290.58000000002,170290.58,0.0,36903.03,169843.51000000004,2.5185185185185186,1,3,1,8.0,13,28296.15,4.0,28296.15,0.9340659340659341,1,0.0
204,75890185,0.003962707126929745,0,0.0,18513.71,26076.32,0.0022071019496854327,0.0,8222.61,0.01642213864672081,2.141025641025641,0.017107172385172557,4,62084.5,89504.27,8222.61,53861.89,59863.76,1.56,1,1,2,6.0,3,21.39,2.0,8244.0,1.6097560975609757,2,2.0
205,87395200,0.0,0,0.0,0.0,0.0,0.0,0.0,0.0,0.0,0.0,0.0,0,0.0,0.0,0.0,0.0,0.0,0.0,0,0,0,0.0,0,0.0,0.0,0.0,0.0,0,0.0
206,76104545,0.07328012415592981,6,250131.29040000023,352803.5104,242355.47,0.04469587372370612,101086.92,664162.37,0.03920032655192335,4.078947368421052,0.0295875059045967,31,756475.0276000004,1127569.7,137621.66,170617.07,1121250.06,5.08,3,19,10,35.0,22,111430.02,6.0,259772.68,6.10738255033557,8,9.0
207,78930955,0.01619522037390096,1,19503.32,63010.89,64972.73999999999,0.018489244539718813,19503.32,111577.92,0.023011860980068674,1.7846153846153847,0.005246106831810454,2,21390.41,40893.729999999996,26672.09,21390.41,232072.74,2.9833333333333334,3,4,3,11.0,1,55522.08,1.0,76912.49,3.5774647887323945,4,4.0
208,66837088,0.011678509567048308,0,0.0,51405.57,81684.78,0.025244967050872202,0.0,166446.63,0.020866743762603085,5.614457831325301,0.03195225369251156,20,178036.69999999998,360284.97,59840.49,151705.61,374775.89,5.144444444444445,2,8,2,19.0,12,37546.57,8.0,118360.84,3.4404761904761907,5,4.0
209,20648147,0.013953128835426366,4,135125.01,62038.32000000001,120958.52,0.028089603614004977,13049.77,293596.96,0.03620819634639095,7.5,0.026399079220166374,28,498662.84,929779.43,92956.55,146011.51,696209.3200000001,5.923076923076923,6,13,4,29.0,15,158701.24,6.0,138888.79,4.588235294117647,5,5.0
210,77130771,0.0,0,0.0,0.0,3801.39,0.0006571780911862397,0.0,100401.07999999999,0.014676660417588598,1.1168831168831168,0.009357524554962561,5,53480.84,75480.15,0.0,5799.9,153881.91999999998,2.710526315789474,0,5,0,9.0,4,0.0,1.0,0.0,0.0,0,1.0
211,33482499,0.0086804891072134,1,25879.91,77721.11,67696.11,0.00020142488845390137,0.0,25887.83,0.0042708261723172205,0.05,9.794726306148333e-05,10,26671.91,642064.7100000001,0.0,0.0,105240.41,0.7422680412371134,0,3,4,9.0,2,0.0,0.0,0.0,1.3663366336633664,0,5.0
212,79193724,0.0,1,8653.58,0.0,29887.8,0.010697573430646206,0.0,0.0,0.0016036947749058174,2.375,0.0010966420780137846,8,22590.03,171652.57,29887.8,2781.0,62556.6,1.3571428571428572,1,0,0,3.0,3,29887.8,1.0,29887.8,1.162162162162162,1,1.0
213,42094053,0.005196191705141469,1,19111.22,0.0,3510.0,0.005870551821282631,0.0,130594.81000000001,0.006124122454415806,1.2767857142857142,0.0,3,22621.22,29176.190000000002,3510.0,0.0,179816.53000000003,1.673913043478261,1,6,0,8.0,2,45711.72,0.0,3510.0,0.680672268907563,1,1.0
214,39255402,0.012607893080861587,1,13616.57,34980.64,157506.74,0.013792358098457792,17192.7,118080.41,0.0114043124460642,4.828571428571428,0.011378307216731937,10,110742.37000000001,542040.75,70288.53,80770.70999999999,354160.18,4.985915492957746,3,8,2,18.0,6,43470.0,4.0,97133.86,4.277777777777778,5,5.0
215,31860983,0.00732504020869332,1,35592.22,36813.44,39448.42,0.011723767482095115,0.0,99821.81,0.013518696408749385,1.2758620689655173,0.0019365495050745393,5,264524.55,264524.55,0.0,8843.83,163411.16,1.6046511627906976,1,3,1,6.0,5,15297.1,1.0,15297.1,0.5340909090909091,1,1.0
216,70091291,0.023387044563715157,1,10499.58,158967.33000000002,202386.88,0.0,0.0,56043.729999999996,0.0,0.0,0.0,1,10499.58,10499.58,99463.28,0.0,258430.61,0.0,0,2,4,8.0,1,0.0,0.0,0.0,4.683673469387755,0,6.0
217,72491257,0.009232079549127444,1,7927.74,0.0,73405.06,0.02247263132461291,11533.74,166696.25,0.0344006167194894,1.9411764705882353,0.004907728548142247,6,70307.2,166121.28,21473.87,25985.2,362248.6,4.174418604651163,2,5,0,10.0,4,96162.09,1.0,65704.77,0.9444444444444444,2,2.0
218,84983090,0.0,0,0.0,0.0,0.0,0.0,0.0,0.0,0.0,0.0,0.0,0,0.0,0.0,0.0,0.0,0.0,0.0,0,0,0,0.0,0,0.0,0.0,0.0,0.0,0,0.0
219,61768811,0.007830458764649247,2,42184.05,87071.1,216385.58999999997,0.021078492004413755,25621.34,462100.44,0.0026417782433526735,2.4753086419753085,0.010246770649164287,17,571883.78,830270.72,59816.009999999995,139844.3,808706.45,3.107594936708861,2,12,3,20.0,14,50192.130000000005,5.0,137434.21,2.2248062015503876,5,3.0
220,85831483,0.008475183921131104,1,99461.53,31427.14,48268.91,0.012450116366003768,0.0,3710.75,0.0,0.9857142857142858,0.030270920747678683,19,255421.08,1171988.4132,16841.77,31910.53,116596.56,1.8656716417910448,2,1,2,6.0,3,64616.899999999994,1.0,64616.899999999994,1.8048780487804879,2,3.0
221,78628625,0.01263151050591993,1,30074.86,0.0,74951.42,0.011280158127834557,0.0,70975.53,0.007948356200462954,1.967741935483871,0.007618273076693593,4,103678.23,103678.23,28623.24,44577.32,232453.75,1.1111111111111112,1,3,0,8.0,4,41949.48,1.0,28623.24,1.1126760563380282,1,3.0
222,20478014,0.0024335546201943005,0,0.0,0.0,25263.21,0.002483099097254105,0.0,10537.96,0.008260754840054634,0.8152173913043478,0.007173439614692313,3,77803.40999999999,77803.40999999999,25263.21,21791.19,109727.98999999999,1.3297872340425532,2,4,0,9.0,3,21971.89,1.0,25263.21,1.4835164835164836,2,2.0
223,74639658,0.009526791254103793,2,67464.17,58793.57,47780.28,0.02020511951790698,0.0,261114.74,0.04416424126197294,2.8,0.01791013491171175,8,251809.74999999997,251809.75,47780.28,81104.76000000001,400505.88,2.1359223300970873,1,8,3,12.0,8,19269.97,3.0,108257.89,2.212962962962963,4,1.0
224,87966655,0.0,0,0.0,0.0,42265.17,0.0,0.0,0.0,0.0,0.0,0.0,1,0.0,18975.8,42265.17,0.0,42265.17,0.0,0,0,0,2.0,0,0.0,0.0,0.0,2.5185185185185186,0,2.0
225,75849707,0.02369250190704203,4,133819.45,4165.93,4165.93,0.0002408307919348164,0.0,116647.82,0.003932432690669422,0.27586206896551724,0.0,5,138962.98,138962.98,0.0,0.0,215492.05000000002,1.4576271186440677,1,3,1,6.0,5,1023.0,0.0,1023.0,1.4833333333333334,1,1.0
226,26125458,0.02647946340224171,1,10045.1,54097.13,161.2,0.028695334707920305,0.0,276041.70999999996,0.020902891569387464,0.8571428571428571,0.009252117117117644,6,119346.68999999999,119346.69,161.2,47489.6,428233.5399999999,4.510204081632653,6,10,2,17.0,6,152030.63,2.0,58596.17999999999,2.1298701298701297,3,1.0
227,14988665,0.010632492644909454,0,0.0,53737.119999999995,184687.44999999998,0.026370118850943782,0.0,135695.82,0.005637651111260377,2.256880733944954,0.008590223002221956,6,42508.06,169129.59,51085.880000000005,42508.06,390281.54,2.311926605504587,1,5,2,14.0,2,27390.21,2.0,51085.880000000005,2.134453781512605,3,6.0
228,79724327,0.07871197367480878,0,0.0,166142.75,65677.1,0.060263731451623066,59319.11,132919.63999999998,0.020719916152114673,3.5,0.0,6,63543.33,206232.12,65677.1,0.0,352358.08,2.4545454545454546,2,4,3,9.0,1,72964.48,0.0,91703.88,6.5,3,2.0
229,22165570,0.02174800749987975,6,132488.44,214995.55,0.0,0.0,19344.01,214995.55,0.0,0.0,0.0,11,148988.62,283465.62,0.0,0.0,214995.55,0.0,0,7,7,7.0,6,0.0,0.0,0.0,2.801418439716312,0,0.0
230,87547929,0.011933420924209693,0,0.0,43395.31,43395.31,0.0,0.0,0.0,0.0,0.0,0.0,1,0.0,32909.56,0.0,0.0,43395.31,0.0,0,0,1,1.0,0,0.0,0.0,0.0,0.3230769230769231,0,1.0
231,6107774,0.008661821033678302,1,49738.74,63357.100000000006,10240.48,0.007147677813677686,0.0,183433.02,0.014874982699718249,1.8582089552238805,0.009067573132898174,8,177817.75,295200.01999999996,0.0,76123.37,246201.33999999997,1.586466165413534,0,6,2,9.0,5,0.0,3.0,43645.8,0.4696969696969697,2,1.0
232,87966658,0.0,0,0.0,0.0,0.0,0.0,0.0,0.0,0.0,0.0,0.0,0,0.0,0.0,0.0,0.0,0.0,0.0,0,0,0,0.0,0,0.0,0.0,0.0,0.0,0,0.0
233,83036270,0.0,0,0.0,0.0,21285.03,0.00816482133781159,0.0,21285.03,0.0,1.0,0.007870818765159208,1,21285.03,21285.03,21285.03,21285.03,42570.06,0.3617021276595745,0,1,0,2.0,1,0.0,1.0,21285.03,1.5,1,1.0
234,22965877,0.021233734247701842,0,0.0,69499.16,50398.520000000004,0.006486335213585822,0.0,0.0,0.0007994753878379824,1.0153846153846153,0.008125083020946893,3,38172.75,85933.14,28775.08,0.0,167222.07,0.09375,2,0,3,8.0,1,30775.08,0.0,30775.08,3.227272727272727,2,4.0
235,36013585,0.0,0,0.0,0.0,0.0,0.0,0.0,0.0,0.0,0.0,0.0,0,0.0,0.0,0.0,0.0,0.0,0.0,0,0,0,0.0,0,0.0,0.0,0.0,0.0,0,0.0
236,56707004,0.004983287453225467,2,43342.04,38970.68,0.0,0.004625127451963431,0.0,43648.72,0.002701482098684469,1.5891472868217054,0.0027171629975143987,6,70145.3,74843.04000000001,0.0,22125.22,104744.62,0.9186991869918699,1,2,1,5.0,5,38970.68,2.0,38970.68,0.6194029850746269,1,0.0
237,30778543,0.010366743495828482,2,33852.850000000006,65128.72,181689.9,0.05845153077899211,18829.57,400579.3,0.008027853524407783,5.126984126984127,0.002883621877476664,16,623583.63,1073564.03,181689.9,23560.61,790853.78,2.19672131147541,4,10,2,16.0,8,185023.97,1.0,285109.35,3.262295081967213,3,1.0
238,58601763,0.018335291565977335,0,0.0,91914.78,118959.59,0.018585500332304654,0.0,175814.55,0.033810116479014336,4.734939759036145,0.02385974070694851,7,261886.52,261886.52,49759.14,200880.31,608617.0800000001,5.9156626506024095,2,7,2,17.0,7,131680.75,5.0,114120.68,3.5308641975308643,3,4.0
239,87633692,0.0,0,0.0,0.0,0.0,0.0,0.0,0.0,0.0,0.0,0.0,0,0.0,0.0,0.0,0.0,0.0,0.0,0,0,0,0.0,0,0.0,0.0,0.0,0.0,0,0.0
240,32348395,0.005414016341663219,2,58068.53,48355.06,218298.38,0.01963405321429687,0.0,221442.13999999998,0.013444135959394816,2.27027027027027,0.013663725513677139,10,208551.39,302455.32999999996,129320.82,119541.36,439740.52,2.560747663551402,0,8,3,17.0,7,0.0,4.0,129320.82,4.368421052631579,5,9.0
241,35905856,0.012960748513673664,1,20325.96,53893.33,211195.28,0.026373944980221883,52352.71,273846.08999999997,0.016361097617797988,4.389473684210526,0.023781165835738412,15,386290.57,461842.86,124655.98,137143.47999999998,576794.99,2.8444444444444446,2,11,3,23.0,12,25391.35,4.0,150047.33000000002,4.744897959183674,6,8.0
242,77557116,0.05254616569324922,6,143573.99,323205.9,198145.84000000003,0.033342393490537504,43344.57,340566.21,0.039454763810544864,3.1954887218045114,0.037903285296683645,19,462157.43,505502.0,16226.19,133731.47,716881.56,3.4646464646464645,4,15,10,27.0,17,106242.77,5.0,161140.97,4.366906474820144,7,6.0
243,62120117,0.01769832600871914,0,0.0,109663.23,223960.05,0.016818722497821376,8917.93,167286.56,0.025236226437193955,3.3461538461538463,0.010873617428025369,8,116105.35,138065.78,92869.95,79596.9,497460.07999999996,3.52,3,6,6,21.0,6,41790.79,4.0,126877.73,2.791044776119403,5,9.0
244,76910994,0.0250490685024626,2,78194.88,112881.88,244268.96999999997,0.04752547211387506,36625.12,416194.77,0.042679946522965695,4.819444444444445,0.04334177350982106,19,501051.15,697186.71,137508.59,202367.13,1076419.56,5.264285714285714,5,14,3,33.0,14,179267.51,7.0,260627.11000000002,2.9859154929577465,7,7.0
245,10139508,0.008491835155006303,0,0.0,23839.24,0.0,0.008702883029681793,0.0,77880.49,0.008918990092820139,0.32323232323232326,0.0,3,0.0,85070.89,0.0,0.0,119675.34000000001,0.845360824742268,2,3,1,5.0,0,41794.850000000006,0.0,23839.24,0.6226415094339622,1,0.0
246,32970058,0.03530209462434203,1,44479.22,322995.20999999996,92344.22,0.014816367125834598,120205.36,573061.3400000001,0.04474187325461,4.5,0.023874208605362254,18,379826.17,806867.24,7172.86,95716.62,911009.0599999999,4.623655913978495,1,13,7,23.0,10,67384.12,5.0,127134.95,4.034090909090909,3,3.0
247,36925341,0.027387526633029426,2,61384.6,108719.29999999999,362581.59,0.04266845289113419,0.0,307980.28,0.0022268424904256763,3.9444444444444446,0.021290397731902767,11,290811.65,290811.64999999997,248533.95240000015,125765.16,954185.78,1.8992805755395683,8,12,6,37.0,11,259011.51,6.0,343731.5,6.36734693877551,12,13.480000000000018
248,56052634,0.006317647643521667,0,0.0,5655.99,68934.36,0.010704482405692422,0.0,78245.61,0.014395478176478117,4.1020408163265305,0.010458198430822773,5,72605.57,72605.57,68443.82,72605.57,246308.27000000002,3.484848484848485,3,6,2,16.0,5,55536.98,5.0,83751.23000000001,3.686868686868687,6,5.0
249,18891823,0.01015859030673365,6,216136.78,103920.98000000001,199760.09000000003,0.02131253129412742,49348.34,238926.15999999997,0.020111132286501437,4.238372093023256,0.032058892747053785,31,756475.0276000004,879039.5900000001,134663.07,165281.82,704849.78,2.3592814371257487,1,9,3,25.0,22,38823.96,9.0,211476.33,2.972826086956522,8,7.0
250,78284790,0.004529672547230308,2,42910.86,21149.52,68094.45,0.01965632004802024,0.0,93355.54000000001,0.000820340834191519,2.0348837209302326,0.0015416662613780521,5,111005.31,111005.31,68094.45,7465.1,186060.21,1.6904761904761905,1,5,1,9.0,5,24610.22,1.0,92704.67,3.2666666666666666,4,3.0
251,37004188,0.02466118126607648,1,58563.41,130913.99,99902.17000000001,0.011271939733924229,0.0,31011.82,0.0,0.4158415841584158,0.0,1,58563.41,58563.41,0.0,0.0,186316.92,0.0,2,1,4,6.0,1,55402.93,0.0,55402.93,1.3478260869565217,2,3.0
252,79061754,0.02884609794720226,1,19358.15,59741.560000000005,140448.4,0.03826277071395375,0.0,80706.84,0.0868688568540903,8.622299465240648,0.07704042562493295,8,194175.4,257809.11,138541.28,174817.25,448573.18,5.840909090909091,0,1,2,10.0,6,0.0,5.0,80706.84,3.792452830188679,1,3.0
253,85541416,0.0,0,0.0,0.0,0.0,0.0,0.0,0.0,0.0,0.0,0.0,0,0.0,0.0,0.0,0.0,0.0,0.0,0,0,0,0.0,0,0.0,0.0,0.0,0.0,0,0.0
254,15238054,0.006344562831256857,2,65743.77,0.0,77576.56,0.011161474858785854,50354.17,50879.17,0.0061439378357679725,1.6306306306306306,0.0027711255642631416,8,61741.26,344648.43,31413.699999999997,21289.06,219518.78999999998,1.3867924528301887,2,2,0,9.0,3,63175.61,1.0,88238.20999999999,1.3360655737704918,3,3.0
255,32432244,0.03385590440487739,0,0.0,165057.34,13612.81,0.03806823013876772,0.0,243232.24,0.005363151477745355,2.651685393258427,0.005435735039243758,2,32460.15,32460.15,13612.81,13612.81,433154.07000000007,2.142857142857143,8,13,7,22.0,2,176309.02000000002,1.0,185354.55,5.348314606741573,8,1.0
256,62933526,0.0,0,0.0,0.0,0.0,0.0,0.0,0.0,0.0,0.0,0.0,0,0.0,0.0,0.0,0.0,0.0,0.0,0,0,0,0.0,0,0.0,0.0,0.0,0.0,0,0.0
257,33684001,0.002869952011300939,0,0.0,0.0,50166.97,0.018838658302626782,0.0,92488.36,0.0,3.120879120879121,0.016319769842344036,8,118854.99,167737.99,0.0,80860.66,177045.52000000002,1.4767441860465116,1,4,0,9.0,6,5379.73,3.0,97868.09,0.01694915254237288,5,3.0
258,26756395,0.018055087430543473,0,0.0,42624.75,165397.41,0.014330219634609759,22653.37,196075.74,0.06270467645050459,4.987804878048781,0.03414698161604372,14,332541.08,471901.05000000005,50853.91,176627.09,600647.5700000001,7.285714285714286,1,8,2,18.0,9,24338.38,4.0,87918.06,3.026315789473684,3,4.0
259,27986683,0.06986431862043849,3,113919.02,352803.5104,106182.68,0.06919417678240704,82419.43000000001,705899.5408000004,0.03157533914336797,3.206896551724138,0.052881085564993054,24,756475.0276000004,1003952.1199999999,60844.53,348636.33200000017,1452678.494800001,6.15483870967742,4,20,10,36.0,17,187932.28,8.0,393548.2732,4.866666666666666,9,5.0
260,73354437,0.025722416632950645,0,0.0,104841.51000000001,18088.28,0.002711092979163718,0.0,148811.27000000002,0.014918570060783199,0.5309734513274337,0.006554036808973829,4,124418.62,124418.62000000001,1979.52,18084.89,166899.55000000002,1.8938053097345133,0,5,2,8.0,4,0.0,2.0,1979.52,1.2521008403361344,1,3.0
261,16213260,0.01231503322914162,2,24923.719999999998,39780.2,162912.11,0.004183882578939549,8490.21,92508.26,0.00839277226849097,0.7720588235294118,0.0017181926579810968,4,63627.42,72117.63,0.0,16841.77,284572.82,1.0902255639097744,1,3,1,9.0,3,12310.68,1.0,12310.68,0.40145985401459855,1,4.0
262,1954337,0.009351592422040714,0,0.0,42571.62,29074.74,0.003328503888035479,18165.48,55884.34,0.0,0.9262295081967213,0.0,9,88442.27000000002,172276.28000000003,2321.18,0.0,110504.56,0.23529411764705882,3,4,3,9.0,6,25545.48,0.0,27866.66,1.4583333333333333,4,2.0
263,45935034,0.00622050693525517,1,16226.39,51915.97,102891.93000000001,0.009896976365851705,0.0,189987.52,0.025205882349880335,0.6024096385542169,0.011335719015883665,8,140772.68,372691.51,16226.39,18507.39,384680.77,3.4444444444444446,0,6,2,12.0,4,0.0,1.0,16226.39,1.6511627906976745,1,4.0
264,87588925,0.0,0,0.0,0.0,0.0,0.0,0.0,0.0,0.0,0.0,0.0,0,0.0,0.0,0.0,0.0,0.0,0.0,0,0,0,0.0,0,0.0,0.0,0.0,0.0,0,0.0
265,80445474,0.00019216482420144812,0,0.0,1248.15,0.0,0.0,3684.99,84956.03,0.0187548293573468,0.9294117647058824,0.00375007914863971,3,27614.1,31299.09,0.0,23552.11,108508.14,1.6708860759493671,0,4,1,5.0,2,0.0,1.0,0.0,0.46511627906976744,0,0.0
266,49998244,0.03358647156967748,2,107834.59,227688.58000000002,182608.30000000002,0.02266398943408233,1370.22,245002.86000000002,0.026485477891823445,2.8979591836734695,0.007462107288890215,8,159712.94,175003.94,41363.51,51783.600000000006,551874.63,4.127450980392157,5,13,10,26.0,5,113843.38,2.0,158317.26,4.660194174757281,7,7.0
267,25843706,0.0070180423555041924,1,27811.47,51087.93,59614.36,0.007059144688516563,0.0,68386.06,0.012566454617122904,2.4946236559139785,0.013600017648334482,9,182801.97,298658.43999999994,29811.46,61919.04,224085.87,2.367816091954023,1,3,2,9.0,7,29811.46,3.0,51096.49,1.6458333333333333,2,2.0
268,79019386,0.014363187630435337,2,91357.68000000001,63748.490000000005,0.0,0.01498590788223734,21149.57,151057.85,0.03714655391660207,2.064935064935065,0.025980738646704724,12,270608.8,545152.11,0.0,99219.0,178909.49,2.5,0,5,2,6.0,6,0.0,3.0,63748.490000000005,1.5609756097560976,2,0.0
269,49097586,0.0,1,40168.34,0.0,27074.66,0.0090436408651985,0.0,74636.67,0.0,1.921875,0.009611237288064546,5,70571.98999999999,181361.76,27074.66,30403.65,143097.95,3.1724137931034484,1,3,0,6.0,2,10982.97,1.0,38057.63,1.0895522388059702,2,1.0
270,16306833,0.024192451113735695,0,0.0,214908.77,220998.47999999998,0.039388891306446426,0.0,705899.5408000004,0.03727418908088038,8.622299465240648,0.03036122122664942,21,331192.9,597244.1200000001,136944.63,279382.46,1334440.16,7.75,5,20,8,44.48000000000002,19,186821.76,10.480000000000018,316609.4,8.696648575305296,12,13.480000000000018
271,49097613,0.003241725101268353,0,0.0,9892.16,0.0,0.09111154212554258,0.0,314031.36,0.03170505994724002,6.5,0.041163013860455386,16,246068.91999999998,389882.85000000003,0.0,143809.25,566910.86,4.758620689655173,2,9,2,18.0,10,140664.25,6.0,207550.99000000002,1.1971830985915493,6,0.0
272,29166583,0.0369230721346494,0,0.0,43743.42,65349.92999999999,0.03460306319977024,0.0,529324.33,0.010242409906185024,2.7088607594936707,0.011480899649829564,6,150217.24,150217.24,29520.29,67122.52,940664.7,2.246913580246914,5,13,2,23.0,6,303439.5668000001,3.0,71305.15,2.0875,3,3.0
273,31757262,0.01699207404231977,1,32450.85,104269.72,182135.84999999998,0.017538426254657246,0.0,110284.70999999999,0.0,1.6753246753246753,0.0053025090263042075,7,126526.26999999999,233647.34999999998,57838.22,28583.84,308629.85,0.589041095890411,1,4,2,9.0,4,16209.29,1.0,74047.51000000001,3.460526315789474,3,4.0
274,39255405,0.04507546051737984,0,0.0,210801.09,208121.78999999998,0.06527287660616983,0.0,499516.83999999997,0.06729174839029047,4.4935064935064934,0.07192614936919248,7,395236.22,395236.22,138354.33,295125.05,788313.62,7.535211267605634,0,11,3,17.0,7,0.0,4.0,291163.97,3.9382716049382718,5,4.0
275,48371519,0.07871197367480878,0,0.0,218414.97999999998,156532.56,0.07855696521286895,26001.35,299622.8,0.029084229991135344,6.647058823529412,0.03203107371448223,14,328393.57,370203.58999999997,58270.41,136878.28,777708.95,3.1702127659574466,7,14,10,32.0,12,207170.28,5.0,370859.2,6.523809523809524,12,7.0
276,74841905,0.05345106958598613,0,0.0,184325.65,0.0,0.059132398710985294,0.0,398365.24,0.0445721746635009,2.264705882352941,0.05355657837709721,6,178023.06,254536.36,0.0,178023.06,515407.6,3.582089552238806,2,6,3,9.0,3,82432.53,3.0,184325.65,2.4925373134328357,3,0.0
277,76319260,0.01098098217907757,1,32801.24,82674.45,39275.96,0.01087836244083073,0.0,171107.37999999998,0.026767513069355837,2.2212389380530975,0.00829088527261663,8,125878.34,313739.02,39275.96,53801.14,349482.37,2.4722222222222223,1,4,2,9.0,4,37182.5,2.0,76458.45999999999,1.3949579831932772,2,1.0
278,32781547,0.0008764797077480523,1,7720.04,0.0,33052.15,0.0041744227890824865,0.0,25744.11,0.0,0.6422018348623854,0.009071970509744306,3,102797.93999999999,102797.93999999999,33052.15,0.0,135438.09,0.08737864077669903,1,1,0,5.0,3,7308.04,0.0,33052.15,1.2831858407079646,2,2.0
279,6976788,0.019617641371200464,0,0.0,101516.67,176776.14,0.013769496055843372,0.0,151754.41,0.013834200025409077,2.5686274509803924,0.0031914914998955497,10,156007.31,337907.29000000004,137331.34,38283.89,468110.9,1.401360544217687,4,9,4,19.0,9,120737.1,3.0,167335.31,3.125,8,5.0
280,22360467,0.0015513919532051262,2,29413.230000000003,14824.189999999999,58993.63,0.011391703923286733,23123.65,166824.91999999998,0.009294184058068908,1.232,0.0,12,111013.71,267440.75999999995,58993.63,0.0,269941.22,1.5040650406504066,2,9,2,13.0,6,44122.67,0.0,103116.29999999999,2.140625,4,2.0
281,6046231,0.007139771836504356,0,0.0,17290.45,0.0,0.0,0.0,0.0,0.0,1.9722222222222223,0.014883118668198818,1,26526.24,26526.24,0.0,26526.24,40109.34,1.3571428571428572,0,0,1,2.0,1,0.0,1.0,0.0,0.7906976744186046,0,0.0
282,9449397,0.012663158306758075,1,6331.4,83499.42,50928.61,0.0028059299563396316,2866.92,26934.7,0.004420767446661088,2.4074074074074074,0.006515760462949435,12,92273.61,172597.88,0.0,53084.46,198066.32,1.8285714285714285,1,2,4,10.0,8,23824.58,3.0,23824.58,1.3027522935779816,1,2.0
283,21470604,0.0147543164460826,0,0.0,129773.92,164550.69,0.010181675889237103,10583.43,185416.04,0.013581345889732286,0.9342105263157895,0.0059858637791520486,8,62337.8,207770.45,23626.17,3790.83,438397.45999999996,1.6686046511627908,3,8,4,18.0,3,63670.369999999995,1.0,50053.009999999995,1.320754716981132,2,5.0
284,86319434,0.0,1,21084.97,0.0,0.0,0.0,0.0,0.0,0.0,0.3409090909090909,0.00497694792616064,8,167355.96999999997,378714.29,0.0,17328.26,0.0,0.5609756097560976,0,0,0,0.0,5,0.0,1.0,0.0,0.30434782608695654,0,0.0
285,9576409,0.014119162646417735,0,0.0,90397.73000000001,92058.26,0.011392271804111835,0.0,149710.88,0.011350295879931294,3.6,0.006229471001059406,15,172855.14,318601.27,54268.97,40064.009999999995,375159.02,3.108433734939759,1,7,4,19.0,9,16433.51,2.0,54268.97,3.6263736263736264,3,5.0
286,57784693,0.022063670391103032,1,30561.01,125722.18,131656.52,0.013404977638666105,0.0,130988.13,0.022768631029929123,2.590909090909091,0.01319896387648016,4,94863.18,140528.84,37923.27,64302.17,321012.48,3.8095238095238093,1,4,5,11.0,3,31988.93,2.0,69912.2,3.527027027027027,2,5.0
287,9779738,0.012330938510737051,0,0.0,84412.57,355112.62,0.02223074316081643,0.0,307438.83999999997,0.01594320555285131,3.5492957746478875,0.029456008668132586,11,303626.86,315923.52999999997,77369.54000000001,183299.35,782051.77,4.427536231884058,1,9,5,24.0,10,6860.51,8.0,87750.93000000001,3.064935064935065,5,10.0
288,79962624,0.0006266214977327348,0,0.0,3711.1,73670.87000000001,0.012868741301637182,0.0,71154.14,0.018487299788405225,3.7058823529411766,0.028811762025261756,5,160685.12,160685.12,69959.77,160685.12,234355.99,1.7582417582417582,0,3,1,9.0,5,0.0,5.0,71154.14,3.2,3,4.0
289,48084527,0.0,0,0.0,0.0,0.0,0.0,0.0,0.0,0.0,0.0,0.0,0,0.0,0.0,0.0,0.0,0.0,0.0,0,0,0,0.0,0,0.0,0.0,0.0,0.0,0,0.0
290,49368484,0.0,0,0.0,0.0,14593.46,0.004796111384327144,0.0,14593.46,0.0077674928644953295,1.2,0.00620414537368717,1,18421.4,18421.4,14593.46,18421.4,29186.92,1.4102564102564104,0,1,0,2.0,1,0.0,1.0,14593.46,1.7872340425531914,1,1.0
291,78204380,0.0784004108982622,1,33942.28,352803.5104,432244.3120000001,0.04690561845710734,0.0,461676.32,0.03998886920522898,4.6838235294117645,0.03415655096301648,12,382296.24,382296.24,155135.17,217493.1,1265733.56,4.2164179104477615,4,13,9,30.0,12,143984.79,7.0,346364.3,4.72463768115942,9,9.0
292,86399806,0.0,0,0.0,0.0,0.0,0.0,0.0,0.0,0.0,0.0,0.0,0,0.0,0.0,0.0,0.0,0.0,0.0,0,0,0,0.0,0,0.0,0.0,0.0,0.0,0,0.0
293,49535096,0.059949872841028956,0,0.0,0.0,0.0,0.06429836732575543,0.0,317762.74,0.0,0.0,0.013093673725670416,1,50118.88,50118.88,0.0,0.0,540015.72,0.0,2,4,0,6.0,1,222252.97999999998,0.0,0.0,0.0,0,0.0
294,72448992,0.0003622860904553142,3,88092.78,0.0,2199.56,0.0050280273971163745,14113.22,38383.22,0.009303347809936349,1.4676258992805755,0.0021993852134012284,8,233026.69999999998,247139.91999999998,0.0,12551.73,82255.52,1.4388489208633093,2,1,0,6.0,7,29121.010000000002,2.0,29121.010000000002,0.3103448275862069,2,1.0
295,87880968,0.0,0,0.0,0.0,0.0,0.0,0.0,0.0,0.0,0.0,0.0,0,0.0,0.0,0.0,0.0,0.0,0.0,0,0,0,0.0,0,0.0,0.0,0.0,0.0,0,0.0
296,13663003,0.009120367153778385,0,0.0,19046.09,43001.130000000005,0.0033346183041830617,0.0,72683.20000000001,0.0,1.345679012345679,0.0032250208810485266,9,143979.01,253554.56,6097.46,4134.9,119819.23000000001,0.5526315789473685,0,3,1,7.0,5,0.0,1.0,6097.46,1.1573033707865168,1,3.0
297,78528100,0.03010586702039396,1,32457.56,92246.95,98411.54000000001,0.037114095258926005,0.0,116046.03,0.010382632482422794,3.8255813953488373,0.018326035398902946,7,120967.85,192492.83999999997,81508.85,53426.18,360832.24,1.5609756097560976,3,4,3,13.0,4,77752.66,2.0,109704.97,3.9647058823529413,4,4.0
298,24249068,0.0,0,0.0,0.0,33632.2,0.006649624469080606,0.0,67294.08,0.010497921167475076,3.0297029702970297,0.032649633448829346,11,146378.96,317327.20999999996,33632.2,146378.96,247305.24,3.4862385321100917,0,4,0,9.0,4,0.0,4.0,33632.2,0.5862068965517241,1,1.0
299,32405087,0.01537968118171311,3,41077.25,158382.34,136148.08000000002,0.01834041383213392,0.0,311265.71,0.007455838622934919,2.33125,0.004579491898957654,21,309599.6,505233.43999999994,76500.03,51201.119999999995,583928.13,1.9483870967741936,5,14,8,28.0,14,110435.47,2.0,176232.04,3.293103448275862,8,8.0
300,81497065,0.04204391940396883,0,0.0,82711.64,31906.98,0.013199980639255454,0.0,58655.84,0.022661587628538524,3.2280701754385963,0.033477054717262866,4,98644.64000000001,133246.12,0.0,68680.72,180720.28,2.2745098039215685,0,2,3,6.0,3,0.0,2.0,29327.92,2.0,1,1.0
301,29707722,0.016916183957727787,0,0.0,69695.79,11033.12,0.036637903118769355,16292.78,320760.33999999997,0.03408224176181637,2.9291338582677167,0.04419043197912922,14,491968.92000000004,633872.26,138334.34,348636.33200000017,817719.85,2.642857142857143,2,8,1,15.0,9,70327.5,4.0,99208.63999999998,1.1472868217054264,2,1.0
302,88189931,0.0,0,0.0,0.0,0.0,0.0,0.0,0.0,0.0,0.0,0.0,0,0.0,0.0,0.0,0.0,0.0,0.0,0,0,0,0.0,0,0.0,0.0,0.0,0.0,0,0.0
303,77476685,0.0,0,0.0,0.0,31642.98,0.008552614340251901,0.0,31642.98,0.0,0.39603960396039606,0.007837887244621313,6,96631.69,149504.66999999998,7151.02,0.0,141894.78,0.12631578947368421,1,2,0,6.0,4,28313.54,0.0,7151.02,0.7766990291262136,1,2.0
304,85589097,0.0,1,37420.63,0.0,0.0,0.0,0.0,0.0,0.0,0.0,0.0,1,37420.63,37420.63,0.0,0.0,0.0,0.0,0,0,0,0.0,1,0.0,0.0,0.0,0.5555555555555556,0,0.0
305,73319846,0.07871197367480878,0,0.0,135943.32,62892.92999999999,0.09169589378679736,0.0,198836.25,0.004615602278961846,5.116279069767442,0.02955762557744468,4,120164.90000000001,120164.90000000001,62892.92999999999,40382.08,339990.32999999996,1.6222222222222222,1,5,3,9.0,4,61603.91,2.0,124496.84,6.568181818181818,3,2.0
306,35239096,0.021494550536762327,1,8151.7,94825.61,60961.89,0.015247578395624652,0.0,242745.26,0.019314685497107992,3.2095238095238097,0.006601671480428896,19,132866.16999999998,561717.7,60961.89,47015.21,471411.6,2.8190476190476192,1,8,3,13.0,7,50830.91,2.0,111792.8,1.8703703703703705,2,1.0
307,50340746,0.0,0,0.0,0.0,0.0,0.0,0.0,0.0,0.0,0.0,0.0,0,0.0,0.0,0.0,0.0,0.0,0.0,0,0,0,0.0,0,0.0,0.0,0.0,0.0,0,0.0
308,73570299,0.002797138947785652,0,0.0,12614.36,53482.97,0.017440674107120087,0.0,158204.14,0.0211332052368788,3.973333333333333,0.015332202847938653,6,117826.31,184518.27000000002,53482.97,51660.72,247150.36,3.8701298701298703,1,7,1,11.0,4,12614.36,2.0,66097.33,2.769230769230769,3,2.0
309,47299407,0.001231015598795305,0,0.0,5139.99,28837.08,0.0056302339907646935,0.0,200137.64,0.03180100042264637,1.2567567567567568,0.01181399575601315,9,92245.01000000001,257074.40000000002,15839.47,33485.88,265475.19,3.276315789473684,0,9,2,14.0,6,0.0,2.0,27968.78,2.22972972972973,2,2.0
310,83758421,0.0,0,0.0,0.0,0.0,0.0,0.0,0.0,0.0,0.0,0.0,2,0.0,65824.82,0.0,0.0,0.0,0.0,0,0,0,0.0,0,0.0,0.0,0.0,0.045454545454545456,0,0.0
311,86202530,0.02021856697487763,2,52054.31999999999,75716.08,75716.08,0.0,0.0,0.0,0.0,0.0,0.006491867559844803,4,75938.31,110834.93,0.0,0.0,75716.08,0.0,0,0,2,2.0,3,0.0,0.0,0.0,0.9577464788732394,0,2.0
312,81754255,0.005058529638006399,0,0.0,24935.11,69828.7,0.010762770897436652,0.0,44893.59,0.0,0.3360655737704918,0.0,1,44893.59,44893.59,44893.59,0.0,114722.29,0.11235955056179775,0,1,1,3.0,1,0.0,0.0,44893.59,0.7518796992481203,1,2.0
313,67585118,0.026933640054981823,0,0.0,139593.35,96233.48,0.02566064692441759,0.0,232897.99,0.02735390351521387,2.032967032967033,0.0286116910148369,11,201678.99,300467.43000000005,60272.159999999996,114600.18,395840.32000000007,3.3820224719101124,3,10,6,19.0,9,66708.85,5.0,126731.4,4.628865979381444,5,6.0
314,71945730,0.026915989508309847,0,0.0,181065.47,91038.48,0.022033540081822744,0.0,186828.96000000002,0.015712155568677926,2.5454545454545454,0.01807472122375709,5,128191.54,128191.54,23652.7,118147.37,438155.39,2.511627906976744,4,9,6,20.0,5,122769.94,4.0,146422.64,2.2519083969465647,5,5.0
315,88234919,0.0049884342020205625,2,37697.3,18843.68,18843.68,0.0,0.0,0.0,0.0,0.0,0.0,3,37697.3,74813.32,0.0,0.0,18843.68,0.0,0,0,1,1.0,2,0.0,0.0,0.0,0.6,0,1.0
316,80726238,0.037978608476554536,0,0.0,132371.04,96234.37,0.045679887151856835,0.0,180941.35,0.0,1.5949367088607596,0.04742750664447176,5,143675.37,143675.37,31947.12,120525.39,340793.17,1.3333333333333333,2,6,5,12.0,5,63617.45,4.0,130175.05,2.7325581395348837,4,4.0
317,19044758,0.006868369441399225,1,18200.1,64801.06,132540.91,0.007032951744294565,0.0,129326.48,0.009214852456133387,2.0821917808219177,0.01486348255220578,12,226929.44999999998,332800.20999999996,22630.33,39797.56,289728.29,3.4324324324324325,1,7,1,15.0,9,4471.83,3.0,22630.33,1.6907894736842106,3,5.0
318,19689047,0.0016408632464821429,0,0.0,11828.81,11828.81,0.0,0.0,0.0,0.0,0.04716981132075472,0.0,2,0.0,121604.8,0.0,0.0,11828.81,0.0,0,0,1,1.0,0,0.0,0.0,0.0,0.3392857142857143,0,1.0
319,83621637,0.06071030208308422,0,0.0,122005.52,122005.52,0.0,0.0,0.0,0.020804331403075235,2.843137254901961,0.023083487177770166,2,36291.85,36291.85,0.0,36291.85,158297.37,1.7659574468085106,0,0,1,3.0,2,0.0,2.0,0.0,0.44642857142857145,0,1.0
320,82481102,0.010792168376349392,2,59899.350000000006,29115.93,0.0,0.0,0.0,29115.93,0.0,0.425,0.0,4,89015.28,140559.51,0.0,0.0,29115.93,0.0,0,1,1,1.0,3,0.0,0.0,0.0,1.4074074074074074,0,0.0
321,79962623,0.009501060875717221,0,0.0,26179.34,45226.04,0.007833400849343706,0.0,19046.7,0.0,0.8421052631578947,0.007922491942854352,1,19046.7,19046.7,19046.7,19046.7,64272.740000000005,0.34,0,1,1,3.0,1,0.0,1.0,19046.7,1.4848484848484849,1,2.0
322,14789681,0.008583108423703734,0,0.0,36295.25,0.0,0.00865404782376767,0.0,98913.61,0.05998416028939873,0.29850746268656714,0.0,0,0.0,0.0,0.0,0.0,135208.86,2.5294117647058822,1,3,1,4.0,0,36295.25,0.0,36295.25,0.7142857142857143,1,0.0
323,77516299,0.03128083138414871,2,92504.51999999999,100359.01,69866.62999999999,0.03880012018968887,0.0,230561.51,0.028858198014744214,1.9,0.006146978329653803,7,187798.41999999998,275487.2,27923.6,27923.6,414194.30999999994,1.1772151898734178,3,7,4,14.0,5,78181.7,1.0,106105.3,2.776470588235294,4,3.0
324,87999256,0.0,2,66549.12,0.0,13501.3,0.0,0.0,0.0,0.0,0.0,0.0,2,66549.12,66549.12,13501.3,0.0,13501.3,0.0,0,0,0,1.0,2,0.0,0.0,0.0,2.0727272727272728,0,1.0
325,21333709,0.001865142629799499,0,0.0,10696.380000000001,3162.67,0.00598124912272701,0.0,69384.2,0.00988241520477564,1.4964028776978417,0.00589920550127466,7,50294.16,114082.87,3162.67,28803.17,138716.33000000002,0.8714285714285714,3,6,2,13.0,4,13936.57,3.0,21070.73,0.9790209790209791,4,1.0
326,14434494,0.018697748274362644,0,0.0,155582.9,122938.37,0.01936093052102928,8625.73,159554.22000000003,0.013980077776300536,3.650485436893204,0.014535445799712703,11,114043.74,192856.00000000003,14194.53,72481.99,448820.35000000003,3.4466019417475726,3,6,3,18.0,8,108422.45000000001,5.0,98078.77,2.4411764705882355,4,5.0
327,37210107,0.0652132561071808,1,24439.75,193870.62,224904.53,0.0,0.0,0.0,0.0,0.0,0.0,3,24439.75,68117.53,0.0,0.0,262122.78,0.0,0,0,5,7.0,1,0.0,0.0,0.0,3.25,0,6.0
328,77933617,0.02454308494817966,0,0.0,61894.850000000006,76208.21,0.009192729538258825,0.0,62908.850000000006,0.021609906124369607,1.5851063829787233,0.012116262691842308,3,38733.16,38733.16,23701.63,38111.69,161306.39,2.0470588235294116,1,3,4,9.0,3,9909.27,2.0,33610.9,1.7857142857142858,2,4.0
329,45583344,0.005265838543564745,2,36093.6,66569.75,81351.72,0.008611676431446256,0.0,152497.65,0.015398137523476711,6.098484848484849,0.015321882186034754,15,344789.46,481774.24,59196.54,185727.35,499055.86,3.900763358778626,4,8,3,22.0,12,79479.14,6.0,106037.47,2.4962406015037595,5,4.0
330,80998772,0.0,0,0.0,0.0,0.0,0.0,0.0,95795.69,0.01796116517505697,0.0,0.0010436940787798181,2,5764.0,48401.12,0.0,5764.0,95795.69,2.6790123456790123,0,3,0,3.0,1,0.0,1.0,0.0,0.0,0,0.0
